-- MySQL dump 10.13  Distrib 8.0.26, for Win64 (x86_64)
--
-- Host: 127.0.0.1    Database: laraveltest
-- ------------------------------------------------------
-- Server version	8.0.32

/*!40101 SET @OLD_CHARACTER_SET_CLIENT=@@CHARACTER_SET_CLIENT */;
/*!40101 SET @OLD_CHARACTER_SET_RESULTS=@@CHARACTER_SET_RESULTS */;
/*!40101 SET @OLD_COLLATION_CONNECTION=@@COLLATION_CONNECTION */;
/*!50503 SET NAMES utf8 */;
/*!40103 SET @OLD_TIME_ZONE=@@TIME_ZONE */;
/*!40103 SET TIME_ZONE='+00:00' */;
/*!40014 SET @OLD_UNIQUE_CHECKS=@@UNIQUE_CHECKS, UNIQUE_CHECKS=0 */;
/*!40014 SET @OLD_FOREIGN_KEY_CHECKS=@@FOREIGN_KEY_CHECKS, FOREIGN_KEY_CHECKS=0 */;
/*!40101 SET @OLD_SQL_MODE=@@SQL_MODE, SQL_MODE='NO_AUTO_VALUE_ON_ZERO' */;
/*!40111 SET @OLD_SQL_NOTES=@@SQL_NOTES, SQL_NOTES=0 */;

--
-- Table structure for table `dashboard_tiles`
--

DROP TABLE IF EXISTS `dashboard_tiles`;
/*!40101 SET @saved_cs_client     = @@character_set_client */;
/*!50503 SET character_set_client = utf8mb4 */;
CREATE TABLE `dashboard_tiles` (
  `id` bigint unsigned NOT NULL AUTO_INCREMENT,
  `name` varchar(255) COLLATE utf8mb4_unicode_ci NOT NULL,
  `data` json DEFAULT NULL,
  `created_at` timestamp NULL DEFAULT NULL,
  `updated_at` timestamp NULL DEFAULT NULL,
  PRIMARY KEY (`id`)
) ENGINE=InnoDB AUTO_INCREMENT=2 DEFAULT CHARSET=utf8mb4 COLLATE=utf8mb4_unicode_ci;
/*!40101 SET character_set_client = @saved_cs_client */;

--
-- Dumping data for table `dashboard_tiles`
--

LOCK TABLES `dashboard_tiles` WRITE;
/*!40000 ALTER TABLE `dashboard_tiles` DISABLE KEYS */;
INSERT INTO `dashboard_tiles` VALUES (1,'weather','{\"weatherReport\": {\"dt\": 1681676730, \"id\": 683506, \"cod\": 200, \"sys\": {\"id\": 2032494, \"type\": 2, \"sunset\": 1681664390, \"country\": \"RO\", \"sunrise\": 1681615841}, \"base\": \"stations\", \"main\": {\"temp\": 11.65, \"humidity\": 91, \"pressure\": 1009, \"temp_max\": 12.21, \"temp_min\": 11.01, \"feels_like\": 11.25}, \"name\": \"Bucharest\", \"wind\": {\"deg\": 60, \"speed\": 6.26}, \"coord\": {\"lat\": 44.4323, \"lon\": 26.1063}, \"clouds\": {\"all\": 75}, \"weather\": [{\"id\": 803, \"icon\": \"04n\", \"main\": \"Clouds\", \"description\": \"broken clouds\"}], \"timezone\": 10800, \"visibility\": 10000}}','2023-04-15 21:23:10','2023-04-16 20:28:01');
/*!40000 ALTER TABLE `dashboard_tiles` ENABLE KEYS */;
UNLOCK TABLES;

--
-- Table structure for table `drill_tags`
--

DROP TABLE IF EXISTS `drill_tags`;
/*!40101 SET @saved_cs_client     = @@character_set_client */;
/*!50503 SET character_set_client = utf8mb4 */;
CREATE TABLE `drill_tags` (
  `id` bigint unsigned NOT NULL AUTO_INCREMENT,
  `created_at` timestamp NULL DEFAULT NULL,
  `updated_at` timestamp NULL DEFAULT NULL,
  `drill_id` bigint unsigned NOT NULL,
  `tag_id` bigint unsigned NOT NULL,
  PRIMARY KEY (`id`),
  KEY `drills_tags_drill_id_foreign` (`drill_id`),
  KEY `drills_tags_tag_id_foreign` (`tag_id`),
  CONSTRAINT `drills_tags_drill_id_foreign` FOREIGN KEY (`drill_id`) REFERENCES `drills` (`id`),
  CONSTRAINT `drills_tags_tag_id_foreign` FOREIGN KEY (`tag_id`) REFERENCES `tags` (`id`)
) ENGINE=InnoDB AUTO_INCREMENT=252 DEFAULT CHARSET=utf8mb4 COLLATE=utf8mb4_unicode_ci;
/*!40101 SET character_set_client = @saved_cs_client */;

--
-- Dumping data for table `drill_tags`
--

LOCK TABLES `drill_tags` WRITE;
/*!40000 ALTER TABLE `drill_tags` DISABLE KEYS */;
INSERT INTO `drill_tags` VALUES (4,'2023-02-09 21:39:56','2023-02-09 21:39:56',5,4),(5,'2023-02-09 21:41:04','2023-02-09 21:41:04',2,1),(6,'2023-02-09 21:41:04','2023-02-09 21:41:04',2,4),(7,'2023-02-11 20:26:26','2023-02-11 20:26:26',7,2),(9,'2023-02-11 20:28:31','2023-02-11 20:28:31',7,5),(10,'2023-02-11 20:29:36','2023-02-11 20:29:36',8,3),(12,'2023-02-11 20:29:44','2023-02-11 20:29:44',8,5),(13,'2023-02-11 20:31:17','2023-02-11 20:31:17',9,1),(14,'2023-02-11 20:31:17','2023-02-11 20:31:17',9,3),(15,'2023-02-11 20:36:00','2023-02-11 20:36:00',10,1),(16,'2023-02-11 20:36:00','2023-02-11 20:36:00',10,2),(17,'2023-02-11 20:41:25','2023-02-11 20:41:25',11,1),(18,'2023-02-11 20:41:25','2023-02-11 20:41:25',11,2),(19,'2023-02-11 20:42:13','2023-02-11 20:42:13',12,1),(20,'2023-02-11 20:42:13','2023-02-11 20:42:13',12,2),(21,'2023-02-11 20:43:55','2023-02-11 20:43:55',13,1),(22,'2023-02-11 20:43:55','2023-02-11 20:43:55',13,2),(23,'2023-02-11 20:46:07','2023-02-11 20:46:07',14,1),(24,'2023-02-11 20:46:07','2023-02-11 20:46:07',14,2),(25,'2023-02-11 20:46:31','2023-02-11 20:46:31',15,1),(26,'2023-02-11 20:46:31','2023-02-11 20:46:31',15,2),(27,'2023-02-11 20:46:31','2023-02-11 20:46:31',15,3),(30,'2023-02-11 20:49:18','2023-02-11 20:49:18',17,1),(31,'2023-02-11 20:49:18','2023-02-11 20:49:18',17,2),(32,'2023-02-11 20:49:18','2023-02-11 20:49:18',17,3),(33,'2023-02-11 20:50:49','2023-02-11 20:50:49',18,1),(34,'2023-02-11 20:50:49','2023-02-11 20:50:49',18,2),(35,'2023-02-11 20:50:49','2023-02-11 20:50:49',18,4),(36,'2023-02-11 20:51:15','2023-02-11 20:51:15',19,1),(37,'2023-02-11 20:51:15','2023-02-11 20:51:15',19,2),(38,'2023-02-11 20:51:15','2023-02-11 20:51:15',19,5),(42,'2023-02-12 21:17:35','2023-02-12 21:17:35',20,2),(43,'2023-02-12 22:41:15','2023-02-12 22:41:15',21,1),(48,'2023-03-04 18:04:53','2023-03-04 18:04:53',22,1),(72,'2023-03-07 21:04:20','2023-03-07 21:04:20',24,1),(73,'2023-03-07 21:04:21','2023-03-07 21:04:21',24,4),(74,'2023-03-07 21:30:59','2023-03-07 21:30:59',25,1),(75,'2023-03-07 21:30:59','2023-03-07 21:30:59',25,4),(76,'2023-03-07 21:34:52','2023-03-07 21:34:52',26,1),(77,'2023-03-07 21:34:52','2023-03-07 21:34:52',26,2),(78,'2023-03-07 21:34:52','2023-03-07 21:34:52',26,4),(79,'2023-03-11 21:29:19','2023-03-11 21:29:19',27,1),(80,'2023-03-11 21:29:19','2023-03-11 21:29:19',27,3),(81,'2023-03-11 21:34:13','2023-03-11 21:34:13',28,1),(82,'2023-03-11 21:34:13','2023-03-11 21:34:13',28,2),(104,'2023-03-12 21:47:21','2023-03-12 21:47:21',1,1),(105,'2023-03-12 21:47:21','2023-03-12 21:47:21',1,4),(106,'2023-03-12 21:47:21','2023-03-12 21:47:21',1,5),(107,'2023-03-12 21:48:02','2023-03-12 21:48:02',16,1),(108,'2023-03-12 21:48:02','2023-03-12 21:48:02',16,2),(109,'2023-03-12 21:48:35','2023-03-12 21:48:35',22,2),(110,'2023-03-12 21:49:01','2023-03-12 21:49:01',23,1),(111,'2023-03-12 21:49:01','2023-03-12 21:49:01',23,3),(112,'2023-03-14 21:23:53','2023-03-14 21:23:53',29,1),(113,'2023-03-14 21:26:11','2023-03-14 21:26:11',30,1),(114,'2023-03-14 21:28:46','2023-03-14 21:28:46',31,1),(115,'2023-03-14 21:28:46','2023-03-14 21:28:46',31,2),(116,'2023-03-14 21:32:56','2023-03-14 21:32:56',32,3),(117,'2023-03-14 21:32:56','2023-03-14 21:32:56',32,5),(118,'2023-03-14 21:34:12','2023-03-14 21:34:12',32,1),(119,'2023-03-16 15:45:30','2023-03-16 15:45:30',33,1),(120,'2023-03-16 15:45:30','2023-03-16 15:45:30',33,2),(121,'2023-03-16 15:47:06','2023-03-16 15:47:06',34,1),(122,'2023-03-16 15:47:06','2023-03-16 15:47:06',34,2),(123,'2023-03-16 15:49:18','2023-03-16 15:49:18',35,1),(124,'2023-03-16 15:49:18','2023-03-16 15:49:18',35,2),(125,'2023-03-16 16:10:26','2023-03-16 16:10:26',36,4),(126,'2023-03-16 16:10:26','2023-03-16 16:10:26',36,5),(127,'2023-03-16 16:12:14','2023-03-16 16:12:14',37,5),(128,'2023-03-16 16:24:32','2023-03-16 16:24:32',38,4),(129,'2023-03-16 16:24:32','2023-03-16 16:24:32',38,5),(130,'2023-03-16 16:29:51','2023-03-16 16:29:51',39,1),(131,'2023-03-16 16:29:51','2023-03-16 16:29:51',39,2),(132,'2023-03-16 16:29:51','2023-03-16 16:29:51',39,4),(133,'2023-03-16 22:05:13','2023-03-16 22:05:13',40,1),(134,'2023-03-16 22:05:13','2023-03-16 22:05:13',40,2),(135,'2023-03-16 22:13:30','2023-03-16 22:13:30',41,4),(136,'2023-03-16 22:13:30','2023-03-16 22:13:30',41,5),(137,'2023-03-18 07:08:32','2023-03-18 07:08:32',42,1),(138,'2023-03-18 07:22:19','2023-03-18 07:22:19',43,1),(139,'2023-03-18 07:22:19','2023-03-18 07:22:19',43,2),(140,'2023-03-19 18:43:51','2023-03-19 18:43:51',44,1),(141,'2023-03-19 18:43:51','2023-03-19 18:43:51',44,3),(142,'2023-03-19 18:43:51','2023-03-19 18:43:51',44,5),(143,'2023-03-21 21:01:52','2023-03-21 21:01:52',45,1),(144,'2023-03-21 21:01:52','2023-03-21 21:01:52',45,3),(145,'2023-03-21 21:03:11','2023-03-21 21:03:11',46,1),(146,'2023-03-21 21:03:11','2023-03-21 21:03:11',46,2),(147,'2023-03-21 21:03:11','2023-03-21 21:03:11',46,4),(148,'2023-03-21 21:13:46','2023-03-21 21:13:46',47,1),(149,'2023-03-21 21:13:46','2023-03-21 21:13:46',47,3),(150,'2023-03-21 21:13:46','2023-03-21 21:13:46',47,5),(151,'2023-03-21 21:23:31','2023-03-21 21:23:31',39,3),(152,'2023-03-25 20:26:33','2023-03-25 20:26:33',21,2),(153,'2023-03-25 20:26:33','2023-03-25 20:26:33',21,3),(154,'2023-03-25 20:26:33','2023-03-25 20:26:33',21,4),(155,'2023-03-25 20:26:33','2023-03-25 20:26:33',21,6),(156,'2023-03-25 20:29:33','2023-03-25 20:29:33',48,1),(157,'2023-03-25 20:29:33','2023-03-25 20:29:33',48,3),(158,'2023-03-25 20:29:33','2023-03-25 20:29:33',48,5),(159,'2023-03-25 22:09:52','2023-03-25 22:09:52',49,1),(160,'2023-03-25 22:09:52','2023-03-25 22:09:52',49,2),(161,'2023-03-25 22:09:52','2023-03-25 22:09:52',49,3),(162,'2023-03-25 22:09:52','2023-03-25 22:09:52',49,4),(163,'2023-03-25 22:11:53','2023-03-25 22:11:53',50,3),(164,'2023-03-25 22:11:53','2023-03-25 22:11:53',50,5),(165,'2023-03-28 20:38:50','2023-03-28 20:38:50',51,4),(166,'2023-03-28 20:38:50','2023-03-28 20:38:50',51,5),(167,'2023-03-31 21:24:27','2023-03-31 21:24:27',52,3),(168,'2023-03-31 21:24:27','2023-03-31 21:24:27',52,5),(169,'2023-04-09 16:12:07','2023-04-09 16:12:07',3,4),(170,'2023-04-09 16:12:07','2023-04-09 16:12:07',3,5),(172,'2023-04-09 16:15:56','2023-04-09 16:15:56',3,9),(173,'2023-04-18 19:41:38','2023-04-18 19:41:38',53,4),(174,'2023-04-18 19:41:38','2023-04-18 19:41:38',53,5),(175,'2023-04-18 19:41:38','2023-04-18 19:41:38',53,9),(176,'2023-05-02 20:58:22','2023-05-02 20:58:22',54,10),(177,'2023-05-02 20:58:22','2023-05-02 20:58:22',54,11),(178,'2023-05-09 15:08:46','2023-05-09 15:08:46',55,1),(179,'2023-05-09 15:08:46','2023-05-09 15:08:46',55,2),(180,'2023-05-09 15:08:46','2023-05-09 15:08:46',55,3),(181,'2023-05-23 20:40:11','2023-05-23 20:40:11',56,2),(182,'2023-05-23 20:40:14','2023-05-23 20:40:14',56,5),(183,'2023-05-23 20:48:48','2023-05-23 20:48:48',57,1),(184,'2023-05-23 20:48:48','2023-05-23 20:48:48',57,3),(185,'2023-06-10 15:51:33','2023-06-10 15:51:33',58,4),(186,'2023-06-10 15:52:45','2023-06-10 15:52:45',59,4),(187,'2023-06-10 15:56:42','2023-06-10 15:56:42',60,4),(188,'2023-06-10 16:11:06','2023-06-10 16:11:06',15,4),(189,'2023-06-10 16:15:47','2023-06-10 16:15:47',61,12),(190,'2023-06-28 12:02:07','2023-06-28 12:02:07',62,4),(191,'2023-06-28 12:02:07','2023-06-28 12:02:07',62,5),(192,'2023-10-29 10:56:06','2023-10-29 10:56:06',63,1),(193,'2023-10-29 10:56:06','2023-10-29 10:56:06',63,13),(194,'2024-01-05 21:17:18','2024-01-05 21:17:18',64,1),(195,'2024-01-05 21:17:18','2024-01-05 21:17:18',64,4),(196,'2024-02-03 09:49:05','2024-02-03 09:49:05',65,1),(197,'2024-02-03 09:49:05','2024-02-03 09:49:05',65,9),(198,'2024-02-03 09:49:05','2024-02-03 09:49:05',65,11),(199,'2024-02-03 09:49:05','2024-02-03 09:49:05',65,12),(200,'2024-02-03 09:49:05','2024-02-03 09:49:05',65,13),(201,'2024-02-28 14:22:45','2024-02-28 14:22:45',66,1),(202,'2024-02-28 14:22:45','2024-02-28 14:22:45',66,2),(203,'2024-02-28 14:22:45','2024-02-28 14:22:45',66,3),(204,'2024-03-16 09:36:15','2024-03-16 09:36:15',67,1),(205,'2024-03-16 09:36:15','2024-03-16 09:36:15',67,2),(206,'2024-03-30 09:36:23','2024-03-30 09:36:23',68,10),(207,'2024-03-30 09:38:09','2024-03-30 09:38:09',69,1),(208,'2024-03-30 09:38:09','2024-03-30 09:38:09',69,10),(209,'2024-05-25 19:33:28','2024-05-25 19:33:28',70,1),(210,'2024-05-25 19:33:28','2024-05-25 19:33:28',70,10),(211,'2024-06-22 07:27:06','2024-06-22 07:27:06',71,1),(212,'2024-06-22 07:27:06','2024-06-22 07:27:06',71,2),(213,'2024-11-13 07:10:47','2024-11-13 07:10:47',72,1),(214,'2024-11-13 07:10:47','2024-11-13 07:10:47',72,2),(215,'2024-11-13 07:10:47','2024-11-13 07:10:47',72,3),(216,'2024-11-13 07:10:47','2024-11-13 07:10:47',72,4),(217,'2024-11-13 07:10:47','2024-11-13 07:10:47',72,9),(218,'2024-11-13 07:10:47','2024-11-13 07:10:47',72,11),(219,'2024-11-13 07:10:47','2024-11-13 07:10:47',72,12),(220,'2024-11-13 07:10:47','2024-11-13 07:10:47',72,13),(221,'2025-01-07 20:11:12','2025-01-07 20:11:12',73,1),(222,'2025-01-07 20:11:12','2025-01-07 20:11:12',73,3),(223,'2025-01-07 20:11:12','2025-01-07 20:11:12',73,4),(224,'2025-01-11 19:34:24','2025-01-11 19:34:24',74,2),(225,'2025-01-11 19:34:24','2025-01-11 19:34:24',74,5),(226,'2025-01-11 19:42:24','2025-01-11 19:42:24',75,2),(227,'2025-01-11 19:42:24','2025-01-11 19:42:24',75,4),(228,'2025-01-11 19:42:24','2025-01-11 19:42:24',75,5),(229,'2025-01-11 19:52:16','2025-01-11 19:52:16',76,1),(230,'2025-01-11 19:52:16','2025-01-11 19:52:16',76,2),(231,'2025-01-11 19:52:16','2025-01-11 19:52:16',76,4),(232,'2025-01-24 09:19:39','2025-01-24 09:19:39',77,1),(233,'2025-01-24 09:19:39','2025-01-24 09:19:39',77,4),(234,'2025-01-24 09:34:37','2025-01-24 09:34:37',78,1),(235,'2025-01-24 09:34:37','2025-01-24 09:34:37',78,2),(236,'2025-01-24 09:34:37','2025-01-24 09:34:37',78,4),(237,'2025-01-30 20:03:19','2025-01-30 20:03:19',79,2),(238,'2025-01-30 20:03:19','2025-01-30 20:03:19',79,5),(239,'2025-02-06 21:46:29','2025-02-06 21:46:29',80,2),(240,'2025-02-06 21:46:29','2025-02-06 21:46:29',80,3),(241,'2025-02-06 21:46:29','2025-02-06 21:46:29',80,5),(242,'2025-02-06 21:51:29','2025-02-06 21:51:29',81,2),(243,'2025-02-06 21:51:29','2025-02-06 21:51:29',81,3),(244,'2025-02-06 21:51:29','2025-02-06 21:51:29',81,5),(245,'2025-02-06 21:56:29','2025-02-06 21:56:29',82,1),(246,'2025-02-06 21:56:29','2025-02-06 21:56:29',82,2),(247,'2025-02-06 21:56:29','2025-02-06 21:56:29',82,3),(248,'2025-02-06 21:56:29','2025-02-06 21:56:29',82,4),(249,'2025-02-06 21:56:29','2025-02-06 21:56:29',82,9),(250,'2025-03-12 15:32:09','2025-03-12 15:32:09',83,2),(251,'2025-03-12 15:32:09','2025-03-12 15:32:09',83,5);
/*!40000 ALTER TABLE `drill_tags` ENABLE KEYS */;
UNLOCK TABLES;

--
-- Table structure for table `drills`
--

DROP TABLE IF EXISTS `drills`;
/*!40101 SET @saved_cs_client     = @@character_set_client */;
/*!50503 SET character_set_client = utf8mb4 */;
CREATE TABLE `drills` (
  `id` bigint unsigned NOT NULL AUTO_INCREMENT,
  `name` varchar(255) CHARACTER SET utf8mb4 COLLATE utf8mb4_unicode_ci NOT NULL,
  `description` text CHARACTER SET utf8mb4 COLLATE utf8mb4_unicode_ci,
  `created_at` timestamp NULL DEFAULT NULL,
  `updated_at` timestamp NULL DEFAULT NULL,
  `link` text CHARACTER SET utf8mb4 COLLATE utf8mb4_unicode_ci,
  `video` varchar(255) COLLATE utf8mb4_unicode_ci DEFAULT NULL,
  PRIMARY KEY (`id`)
) ENGINE=InnoDB AUTO_INCREMENT=84 DEFAULT CHARSET=utf8mb4 COLLATE=utf8mb4_unicode_ci;
/*!40101 SET character_set_client = @saved_cs_client */;

--
-- Dumping data for table `drills`
--

LOCK TABLES `drills` WRITE;
/*!40000 ALTER TABLE `drills` DISABLE KEYS */;
INSERT INTO `drills` VALUES (1,'Pase in sir indian','<p>Grupe de 5-8 copii alearga in sir indian. Mingea este pasata in spate de la un jucator la altul. Dupa pasa, jucatorul se retrage cu spatele, la coada sirului si exercitiul continua pana la fluierul antrenorului (STOP). Pasele pot fi de mai mult tipuri: pasa simpla, pasa printre picioare, pasa din offload.</p>\r\n<p><strong>Fun</strong>: concurs</p>','2022-06-11 05:00:18','2023-02-11 21:15:46',NULL,''),(2,'Flipball','In doua echipe, jucatorii arunca cu mingii de rugby intr-o minge de fotbal. Scopul e ca mingea sa ajunga in terenul echipe adverse','2022-06-11 05:01:13','2023-02-09 21:41:04',NULL,''),(3,'Pase si alergare in suport','<p>Grupe de trei copii. Purtatorul de balon alegere cui sa paseze, stanga sau dreapta. Jucatorul care primeste ii paseaza ultimului membru al grupei, care marcheaza eseul. Cel care marcheaza eseul devine purtator de balon.</p>\r\n<p>FUN: Concurs.</p>\r\n<p>IMPLICARE: Dau momentul plecarii. Au grija ca grupa sa nu plece prea repede (pericol de a se incurca cu grupa din fata) sau prea incet (pierd vremea si intarzie plecarea altor grupe). La concurs, ajuta stabilirea castigatorului si dau startul.</p>','2022-06-27 15:07:51','2023-04-09 16:28:55',NULL,''),(4,'Pase in perimetru','In functie de numarul de jucatori, ce face un perimetru. Fiecare jucator are 1mp la inceput. Grupe de trei aleaga in cadrul perimetrului si paseaza cat mai repede, in spate. Jucatorii trebuie sa aiba grija sa nu iasa din perimetru.\r\n\r\nLa semnal (ATENTIE. PASA), trebuie  sa paseze, 1-2 m in afara perimetrului la o tinta de pe margine\r\n\r\nFUN: micsoram dimensiunea terenului, marim distanta pasei externe.\r\n\r\nIMPLICARE: Au grija ca jucatorii sa nu iasa din perimetru. Primesc pase din interirorul perimetrului.','2022-06-27 15:09:13','2022-06-27 15:09:13','',''),(5,'Pase din contact (offload)','O perna la 8-10 jucatori. In grupe de cate 2, purtatorul de balon, ia contact si incearca sa paseze colegului de grupa.\r\n\r\nPentru o dificultate sporita, se lucreaza in grupe de 3. Al doilea om ii paseaza celui de-la treilea care vine lansat.\r\n\r\nIMPLICARE: Dau startul grupelor urmatoare','2022-06-27 15:09:47','2023-02-09 21:39:47',NULL,''),(6,'Joc cu tema offload','Se fac echipele. Scopul jocului e de a faca cat mai multe off-loaduri. Un off-load se considera bun daca jucatorul care a primit pasa castiga teren in urma offloadului.','2022-06-27 15:10:35','2022-06-27 15:10:35','',''),(7,'Orange tapes speed','In perechi de cate doi, se trece banda portocalie peste mijlocul fiecarui jucator. Cel din fata sprinteaza, in timp ce al doilea incearca sa ramana pe loc.','2023-02-11 20:26:17','2023-02-11 20:26:17',NULL,''),(8,'Accelerare, decelerare','Jucatorii accelereaza, decelereaza, apoi accelereaza din nou.','2023-02-11 20:29:36','2023-02-11 20:29:36',NULL,''),(9,'Lupul in haine de oaie','Jucatorii se afla in centrul unui perimetru (cerc, patrat, dreptunghi) si stau un ochi inchisi. Antrenorul se plimba printre ei si atinge pe unul dintre ei, care devine lup, apoi ii informeaza pe toti ca pot deschide ochii. Jucatorii trebuie sa adune trei conuri, imprastiate in perimetru, pentru a avea voie sa iasa din el si sa se salveze de lup','2023-02-11 20:31:17','2023-02-11 20:31:17',NULL,''),(10,'Sticluta cu otrava','Un jucator se afla in mijlocul grupului. Restul jucatorilor il tin de un deget. Jucatorul din mijloc anunta diferite sticlute: sticluta cu cafea, sticluta cu cerneala, etc. Cand anunta sticluta cu otrava, restul jucatorilor trebuie sa fuga, iar el trebuie sa prinda cat mai multi pana sa ajunga in afara unui perimetru stabilit inainte.','2023-02-11 20:36:00','2023-02-11 20:36:00',NULL,''),(11,'X si 0','<p>Doua echipe sprinteaza pana la un careu de X si 0. Acolo trebuie sa puna un con sau un tricou intr-o casuta existenta. Castiga echipa care face prima o linie de 3 conuri. Daca toate casutele s-au ocupat si nimeni nu a castigat, la o tura poti pune un con nou sau poti scoate un con al echipe adverse</p>','2023-02-11 20:41:25','2023-10-29 16:32:22',NULL,''),(12,'Cat e ora lupule?','Jucatorii intreaba “Cat e ora lupule?”, iar lupul spune exercitiul care trebuie facut. De exemplu, genunchii la piept, sarituri de iepure, sarituri de broscuta, sarituri intr-un picior, joc de glezne. Lupul mai poate spune ca e o ora mesei, moment in care jucatorii  trebuie sa sprinteze in afara perimetrului in care se afla.','2023-02-11 20:42:13','2023-02-11 20:42:13',NULL,''),(13,'Baseball','Baseball. Se poate juca cu bate si mingii de baseball sau prin pasarea mingiilor pentru a fi lovite cu mana  sau cu piciorul.','2023-02-11 20:43:55','2023-02-11 20:43:55',NULL,''),(14,'Linii de conuri dupa sprint','16 conuri, cate 4 de o culoare diferita sunt asezate aleator sa formeze un patrat. Jucatorii trebuie sa sprinteze pana la conuri si sa inlocuiasca doua conuri alaturate pentru a forma 4 linii  de conuri de aceeasi culoare','2023-02-11 20:46:07','2023-02-11 20:46:07',NULL,''),(15,'Super Mario','<p>Cursa cu obstacole.</p>\r\n<p>Doi voluntari paseaza de la unul la celalalt colacul de placaj. Jucatorul trebuie sa arunce mingea in asa fel incat sa loveasca colacul. Trei incercari nereusite sunt penalizate cu 5 flotari.</p>\r\n<p>Jucatorul trebuie sa suteze printr-o poarta si sa recupereze mingea de partea cealalta si apoi sa o duca la un con.</p>\r\n<p>Un voluntar trebuie sa invarta o minge gonflabila legata cu o sfoara deasupra capului, iar jucatorii trebuie sa se fereasca. Daca sunt atinsi, sunt penalizati cu 3 genoflexiuni.</p>\r\n<p>Pe o portiune de traseu prestabilita, jucatorul trebuie sa arunce o minge in sus si sa o prinda. Daca scapa mingea e penalizat cu trei coreene.</p>\r\n<p>Jucatorul trebuie sa astepte in zona \"de primire\" o pasa de la un voluntar. Daca o scapa e penalizat cu trei ridicari de bazin.</p>\r\n<p>&nbsp;</p>','2023-02-11 20:46:31','2023-06-10 16:11:06',NULL,''),(16,'Sprint la culoare','Jucatorii alearga la conul de culoarea indicata de antrenor.','2023-02-11 20:47:19','2023-02-11 20:47:19',NULL,''),(17,'Finest of Freddy','Finest of Freddy. Esti intr-o casa si trebuie sa aduni anumite conuri, ferindu-te de un adversar.','2023-02-11 20:49:18','2023-02-11 20:49:18',NULL,''),(18,'Muta conuri/mingii dintr-o parte in alta viteza vs team work','Cat de repede se pot muta niste obiecte dintr-o parte in alta.','2023-02-11 20:50:49','2023-02-11 20:50:49',NULL,''),(19,'Teleportare','Jucatorii sar in cercuri ca broasca. Ei sunt ajutati de colegii lor care ridica cercul si-l muta mai departe.','2023-02-11 20:51:15','2023-02-11 20:51:15',NULL,''),(20,'Sarituri intr-un picior','<p>Satiruri intr-un picior de-a lungul unei sfori intinse in diferite forme (nu in linie dreapta).</p>\r\n<p><strong>Fun:&nbsp;</strong>Concurs. Dupa ce primul participant trece de o linie de conuri, al doilea participant pleaca si incearca sa-l prinda.</p>','2023-02-12 21:17:35','2023-02-12 21:17:35',NULL,''),(21,'Touch','<p>Touch game</p>','2023-02-12 22:41:15','2023-02-12 22:41:15',NULL,''),(22,'Shuttle Battle',NULL,'2023-03-04 17:54:56','2023-03-04 18:53:05','<blockquote class=\"twitter-tweet\"><p lang=\"en\" dir=\"ltr\">Shuttle Battle! ???<br><br>High intensity 1 v 1 challenge that incorporates a range of fitness components.<br><br>Make it a team activity with the next team-mates replacing the tennis balls.<a href=\"https://twitter.com/WannaTeachPE?ref_src=twsrc%5Etfw\">@WannaTeachPE</a> is out now! ???<a href=\"https://t.co/zANEpADwve\">https://t.co/zANEpADwve</a> <a href=\"https://t.co/wcZKSQI4dy\">pic.twitter.com/wcZKSQI4dy</a></p>&mdash; WannaTeachPE (@WannaTeachPE) <a href=\"https://twitter.com/WannaTeachPE/status/1631536603079344128?ref_src=twsrc%5Etfw\">March 3, 2023</a></blockquote> <script async src=\"https://platform.twitter.com/widgets.js\" charset=\"utf-8\"></script>',''),(23,'Evasion Game',NULL,'2023-03-04 19:09:28','2023-03-04 19:11:27','<iframe src=\"https://www.facebook.com/plugins/video.php?height=476&href=https%3A%2F%2Fwww.facebook.com%2FRugbyToolbox%2Fvideos%2F218367697268443%2F&show_text=false&width=380&t=0\" width=\"380\" height=\"476\" style=\"border:none;overflow:hidden\" scrolling=\"no\" frameborder=\"0\" allowfullscreen=\"true\" allow=\"autoplay; clipboard-write; encrypted-media; picture-in-picture; web-share\" allowFullScreen=\"true\"></iframe>',''),(24,'Around the world',NULL,'2023-03-07 21:04:20','2023-03-07 21:04:20','<blockquote class=\"twitter-tweet\"><p lang=\"en\" dir=\"ltr\">Two Ways Around the World! ???<br><br>Team building activity to encourage cooperation and communication.<br><br>Separate the two conditions initially before combining. Fastest team wins!<a href=\"https://twitter.com/WannaTeachPE?ref_src=twsrc%5Etfw\">@WannaTeachPE</a> is out now! ???<a href=\"https://t.co/zANEpADwve\">https://t.co/zANEpADwve</a> <a href=\"https://t.co/pXGsccvRO2\">pic.twitter.com/pXGsccvRO2</a></p>&mdash; WannaTeachPE (@WannaTeachPE) <a href=\"https://twitter.com/WannaTeachPE/status/1632620200343289856?ref_src=twsrc%5Etfw\">March 6, 2023</a></blockquote> <script async src=\"https://platform.twitter.com/widgets.js\" charset=\"utf-8\"></script>',''),(25,'Circle Catchup',NULL,'2023-03-07 21:30:59','2023-03-07 21:30:59','<blockquote class=\"twitter-tweet\"><p lang=\"en\" dir=\"ltr\">??Circle Catchup?? <br><br>?️ aim of the game if for ? Team’s ball to overtake ? Team’s ball. <br><br>?️ focus on quick hands and accurate passes. <br><br>?️ change direction of pass.<br><br>Great Netball activity but transferable to:<br>? Basketball <br>? Rugby <br>? Handball <br><br>Please retweet if useful ? <a href=\"https://t.co/nVcLo5WuhO\">pic.twitter.com/nVcLo5WuhO</a></p>&mdash; PE Teacher Toolkit (@pe_toolkit) <a href=\"https://twitter.com/pe_toolkit/status/1630819301157638145?ref_src=twsrc%5Etfw\">March 1, 2023</a></blockquote> <script async src=\"https://platform.twitter.com/widgets.js\" charset=\"utf-8\"></script>',''),(26,'Acceleration',NULL,'2023-03-07 21:34:52','2023-03-07 21:34:52','<iframe src=\"https://www.facebook.com/plugins/video.php?height=476&href=https%3A%2F%2Fwww.facebook.com%2FRugbyToolbox%2Fvideos%2F141006287839661%2F&show_text=false&width=476&t=0\" width=\"476\" height=\"476\" style=\"border:none;overflow:hidden\" scrolling=\"no\" frameborder=\"0\" allowfullscreen=\"true\" allow=\"autoplay; clipboard-write; encrypted-media; picture-in-picture; web-share\" allowFullScreen=\"true\"></iframe>',''),(27,'Piatra, hartie, foarfeca, varianta agilitate',NULL,'2023-03-11 21:29:19','2023-03-11 21:29:19','<blockquote class=\"twitter-tweet\"><p lang=\"en\" dir=\"ltr\">Rock, Paper, Scissors 1v1! ??✂️<br><br>First team to successfully make their way along their path to the end is the winner.<br><br>Several mini matches running at once to avoid queues going past that golden 8 seconds.<a href=\"https://twitter.com/WannaTeachPE?ref_src=twsrc%5Etfw\">@WannaTeachPE</a> is out now! ???<a href=\"https://t.co/zANEpADwve\">https://t.co/zANEpADwve</a> <a href=\"https://t.co/S9jhhj1G7I\">pic.twitter.com/S9jhhj1G7I</a></p>&mdash; WannaTeachPE (@WannaTeachPE) <a href=\"https://twitter.com/WannaTeachPE/status/1634465870595473409?ref_src=twsrc%5Etfw\">March 11, 2023</a></blockquote> <script async src=\"https://platform.twitter.com/widgets.js\" charset=\"utf-8\"></script>',''),(28,'Chain race',NULL,'2023-03-11 21:34:13','2023-03-11 21:34:13','<blockquote class=\"twitter-tweet\"><p lang=\"en\" dir=\"ltr\">Chain Race! ⛓️??‍♀️?<br><br>Team race activity begining with a single player and the chain builds after every shuttle.<br><br>Tactical decisions can be made in the order of runners, especially when fatigue starts to kick in! ? <a href=\"https://twitter.com/WannaTeachPE?ref_src=twsrc%5Etfw\">@WannaTeachPE</a> is out now! ???<a href=\"https://t.co/zANEpADwve\">https://t.co/zANEpADwve</a> <a href=\"https://t.co/foObg7nVxN\">pic.twitter.com/foObg7nVxN</a></p>&mdash; WannaTeachPE (@WannaTeachPE) <a href=\"https://twitter.com/WannaTeachPE/status/1634463897372577793?ref_src=twsrc%5Etfw\">March 11, 2023</a></blockquote> <script async src=\"https://platform.twitter.com/widgets.js\" charset=\"utf-8\"></script>',''),(29,'Gaga ball',NULL,'2023-03-14 21:23:53','2023-03-14 21:23:53','<blockquote class=\"twitter-tweet\"><p lang=\"es\" dir=\"ltr\">Juegos del mundo, que buena idea para trabajar la interculturalidad en clase de educación física.<a href=\"https://twitter.com/hashtag/EDUCAM23?src=hash&amp;ref_src=twsrc%5Etfw\">#EDUCAM23</a> <a href=\"https://t.co/gsAk8Achuf\">https://t.co/gsAk8Achuf</a></p>&mdash; Javier Garcia (@javierGarciRom) <a href=\"https://twitter.com/javierGarciRom/status/1635373585673121792?ref_src=twsrc%5Etfw\">March 13, 2023</a></blockquote> <script async src=\"https://platform.twitter.com/widgets.js\" charset=\"utf-8\"></script>',''),(30,'Bean bag race',NULL,'2023-03-14 21:26:11','2023-03-14 21:26:11','<blockquote class=\"twitter-tweet\"><p lang=\"en\" dir=\"ltr\">??Beanbag Team Race??<br><br>?️ Activity when done in small teams<br>?️ Can be part of HRE module or a warmup for other modules. <br><br>? Use weighted balls instead of beanbags <br><br>Please retweet if useful ? <a href=\"https://t.co/Yzvw7xHGHz\">pic.twitter.com/Yzvw7xHGHz</a></p>&mdash; PE Teacher Toolkit (@pe_toolkit) <a href=\"https://twitter.com/pe_toolkit/status/1634846636148154368?ref_src=twsrc%5Etfw\">March 12, 2023</a></blockquote> <script async src=\"https://platform.twitter.com/widgets.js\" charset=\"utf-8\"></script>',''),(31,'Pole catch',NULL,'2023-03-14 21:28:46','2023-03-14 21:28:46','<blockquote class=\"twitter-tweet\"><p lang=\"en\" dir=\"ltr\">Pole Catch! ?????️<br><br>Groups work cooperatively to catch the poles before they hit the ground.<br><br>Add directional change and increase the distance between each pupil to add challenge.<a href=\"https://twitter.com/WannaTeachPE?ref_src=twsrc%5Etfw\">@WannaTeachPE</a> is out now! ???<a href=\"https://t.co/zANEpADwve\">https://t.co/zANEpADwve</a> <a href=\"https://t.co/E6TfkIUT2I\">pic.twitter.com/E6TfkIUT2I</a></p>&mdash; WannaTeachPE (@WannaTeachPE) <a href=\"https://twitter.com/WannaTeachPE/status/1634836326552948736?ref_src=twsrc%5Etfw\">March 12, 2023</a></blockquote> <script async src=\"https://platform.twitter.com/widgets.js\" charset=\"utf-8\"></script>',''),(32,'Corner Escape to Victory!',NULL,'2023-03-14 21:32:56','2023-03-14 21:32:56','<blockquote class=\"twitter-tweet\"><p lang=\"en\" dir=\"ltr\">Corner Escape to Victory! ??<br><br>Great warm-up game where the prisoner must outwit the guards to touch a cone.<br><br>Rotate the central player and adjust area to suit the group.<a href=\"https://twitter.com/WannaTeachPE?ref_src=twsrc%5Etfw\">@WannaTeachPE</a> is out now! ???<a href=\"https://t.co/zANEpADwve\">https://t.co/zANEpADwve</a> <a href=\"https://t.co/PiDv9MIVfx\">pic.twitter.com/PiDv9MIVfx</a></p>&mdash; WannaTeachPE (@WannaTeachPE) <a href=\"https://twitter.com/WannaTeachPE/status/1633710017927847936?ref_src=twsrc%5Etfw\">March 9, 2023</a></blockquote> <script async src=\"https://platform.twitter.com/widgets.js\" charset=\"utf-8\"></script>',''),(33,'Bib relays',NULL,'2023-03-16 15:45:30','2023-03-16 15:45:30','<blockquote class=\"twitter-tweet\"><p lang=\"en\" dir=\"ltr\">Bib Relays! ???‍♂️?<br><br>The bib acts as a relay baton as teams compete to transport one cone at a time to the pole.<br><br>Next, return the cones to the start line and adjust the distance of the course.<br><br>Efficiency as a team!<a href=\"https://twitter.com/WannaTeachPE?ref_src=twsrc%5Etfw\">@WannaTeachPE</a> is out now! ???<a href=\"https://t.co/zANEpAE4kM\">https://t.co/zANEpAE4kM</a> <a href=\"https://t.co/oRdcCUordR\">pic.twitter.com/oRdcCUordR</a></p>&mdash; WannaTeachPE (@WannaTeachPE) <a href=\"https://twitter.com/WannaTeachPE/status/1635160364659920896?ref_src=twsrc%5Etfw\">March 13, 2023</a></blockquote> <script async src=\"https://platform.twitter.com/widgets.js\" charset=\"utf-8\"></script>',''),(34,'Cone Wars',NULL,'2023-03-16 15:47:06','2023-03-18 07:21:53','<blockquote class=\"twitter-tweet\"><p lang=\"en\" dir=\"ltr\">??Cone wars??<br><br>?️Movements could be linked to most net and wall modules (side shuffle, high to low movements). <br><br>?️ Adding the element of competition will increase engagement. <br><br>? Operate as a league ladder to increase competitiveness.<br><br>Please retweet if useful ? <a href=\"https://t.co/gUAt9ylRhw\">pic.twitter.com/gUAt9ylRhw</a></p>&mdash; PE Teacher Toolkit (@pe_toolkit) <a href=\"https://twitter.com/pe_toolkit/status/1634864268125548544?ref_src=twsrc%5Etfw\">March 12, 2023</a></blockquote> <script async src=\"https://platform.twitter.com/widgets.js\" charset=\"utf-8\"></script>',''),(35,'Sprint drills',NULL,'2023-03-16 15:49:18','2023-03-16 15:49:18','<blockquote class=\"twitter-tweet\"><p lang=\"en\" dir=\"ltr\">Sprinting Drills Are Everywhere<br><br>Except Where Most Strength Coaches Look…<br><br>Force Them To Solve At High Speeds<br><br>Not Just Run At Them <a href=\"https://t.co/U4ds0niUPG\">pic.twitter.com/U4ds0niUPG</a></p>&mdash; Austin Jochum (@AustinJochum) <a href=\"https://twitter.com/AustinJochum/status/1635071916167028736?ref_src=twsrc%5Etfw\">March 13, 2023</a></blockquote> <script async src=\"https://platform.twitter.com/widgets.js\" charset=\"utf-8\"></script>',''),(36,'Snatching Drill',NULL,'2023-03-16 16:10:26','2023-03-16 16:10:26','<blockquote class=\"instagram-media\" data-instgrm-captioned data-instgrm-permalink=\"https://www.instagram.com/reel/CpVBXGEusNw/?utm_source=ig_embed&amp;utm_campaign=loading\" data-instgrm-version=\"14\" style=\" background:#FFF; border:0; border-radius:3px; box-shadow:0 0 1px 0 rgba(0,0,0,0.5),0 1px 10px 0 rgba(0,0,0,0.15); margin: 1px; max-width:540px; min-width:326px; padding:0; width:99.375%; width:-webkit-calc(100% - 2px); width:calc(100% - 2px);\"><div style=\"padding:16px;\"> <a href=\"https://www.instagram.com/reel/CpVBXGEusNw/?utm_source=ig_embed&amp;utm_campaign=loading\" style=\" background:#FFFFFF; line-height:0; padding:0 0; text-align:center; text-decoration:none; width:100%;\" target=\"_blank\"> <div style=\" display: flex; flex-direction: row; align-items: center;\"> <div style=\"background-color: #F4F4F4; border-radius: 50%; flex-grow: 0; height: 40px; margin-right: 14px; width: 40px;\"></div> <div style=\"display: flex; flex-direction: column; flex-grow: 1; justify-content: center;\"> <div style=\" background-color: #F4F4F4; border-radius: 4px; flex-grow: 0; height: 14px; margin-bottom: 6px; width: 100px;\"></div> <div style=\" background-color: #F4F4F4; border-radius: 4px; flex-grow: 0; height: 14px; width: 60px;\"></div></div></div><div style=\"padding: 19% 0;\"></div> <div style=\"display:block; height:50px; margin:0 auto 12px; width:50px;\"><svg width=\"50px\" height=\"50px\" viewBox=\"0 0 60 60\" version=\"1.1\" xmlns=\"https://www.w3.org/2000/svg\" xmlns:xlink=\"https://www.w3.org/1999/xlink\"><g stroke=\"none\" stroke-width=\"1\" fill=\"none\" fill-rule=\"evenodd\"><g transform=\"translate(-511.000000, -20.000000)\" fill=\"#000000\"><g><path d=\"M556.869,30.41 C554.814,30.41 553.148,32.076 553.148,34.131 C553.148,36.186 554.814,37.852 556.869,37.852 C558.924,37.852 560.59,36.186 560.59,34.131 C560.59,32.076 558.924,30.41 556.869,30.41 M541,60.657 C535.114,60.657 530.342,55.887 530.342,50 C530.342,44.114 535.114,39.342 541,39.342 C546.887,39.342 551.658,44.114 551.658,50 C551.658,55.887 546.887,60.657 541,60.657 M541,33.886 C532.1,33.886 524.886,41.1 524.886,50 C524.886,58.899 532.1,66.113 541,66.113 C549.9,66.113 557.115,58.899 557.115,50 C557.115,41.1 549.9,33.886 541,33.886 M565.378,62.101 C565.244,65.022 564.756,66.606 564.346,67.663 C563.803,69.06 563.154,70.057 562.106,71.106 C561.058,72.155 560.06,72.803 558.662,73.347 C557.607,73.757 556.021,74.244 553.102,74.378 C549.944,74.521 548.997,74.552 541,74.552 C533.003,74.552 532.056,74.521 528.898,74.378 C525.979,74.244 524.393,73.757 523.338,73.347 C521.94,72.803 520.942,72.155 519.894,71.106 C518.846,70.057 518.197,69.06 517.654,67.663 C517.244,66.606 516.755,65.022 516.623,62.101 C516.479,58.943 516.448,57.996 516.448,50 C516.448,42.003 516.479,41.056 516.623,37.899 C516.755,34.978 517.244,33.391 517.654,32.338 C518.197,30.938 518.846,29.942 519.894,28.894 C520.942,27.846 521.94,27.196 523.338,26.654 C524.393,26.244 525.979,25.756 528.898,25.623 C532.057,25.479 533.004,25.448 541,25.448 C548.997,25.448 549.943,25.479 553.102,25.623 C556.021,25.756 557.607,26.244 558.662,26.654 C560.06,27.196 561.058,27.846 562.106,28.894 C563.154,29.942 563.803,30.938 564.346,32.338 C564.756,33.391 565.244,34.978 565.378,37.899 C565.522,41.056 565.552,42.003 565.552,50 C565.552,57.996 565.522,58.943 565.378,62.101 M570.82,37.631 C570.674,34.438 570.167,32.258 569.425,30.349 C568.659,28.377 567.633,26.702 565.965,25.035 C564.297,23.368 562.623,22.342 560.652,21.575 C558.743,20.834 556.562,20.326 553.369,20.18 C550.169,20.033 549.148,20 541,20 C532.853,20 531.831,20.033 528.631,20.18 C525.438,20.326 523.257,20.834 521.349,21.575 C519.376,22.342 517.703,23.368 516.035,25.035 C514.368,26.702 513.342,28.377 512.574,30.349 C511.834,32.258 511.326,34.438 511.181,37.631 C511.035,40.831 511,41.851 511,50 C511,58.147 511.035,59.17 511.181,62.369 C511.326,65.562 511.834,67.743 512.574,69.651 C513.342,71.625 514.368,73.296 516.035,74.965 C517.703,76.634 519.376,77.658 521.349,78.425 C523.257,79.167 525.438,79.673 528.631,79.82 C531.831,79.965 532.853,80.001 541,80.001 C549.148,80.001 550.169,79.965 553.369,79.82 C556.562,79.673 558.743,79.167 560.652,78.425 C562.623,77.658 564.297,76.634 565.965,74.965 C567.633,73.296 568.659,71.625 569.425,69.651 C570.167,67.743 570.674,65.562 570.82,62.369 C570.966,59.17 571,58.147 571,50 C571,41.851 570.966,40.831 570.82,37.631\"></path></g></g></g></svg></div><div style=\"padding-top: 8px;\"> <div style=\" color:#3897f0; font-family:Arial,sans-serif; font-size:14px; font-style:normal; font-weight:550; line-height:18px;\">View this post on Instagram</div></div><div style=\"padding: 12.5% 0;\"></div> <div style=\"display: flex; flex-direction: row; margin-bottom: 14px; align-items: center;\"><div> <div style=\"background-color: #F4F4F4; border-radius: 50%; height: 12.5px; width: 12.5px; transform: translateX(0px) translateY(7px);\"></div> <div style=\"background-color: #F4F4F4; height: 12.5px; transform: rotate(-45deg) translateX(3px) translateY(1px); width: 12.5px; flex-grow: 0; margin-right: 14px; margin-left: 2px;\"></div> <div style=\"background-color: #F4F4F4; border-radius: 50%; height: 12.5px; width: 12.5px; transform: translateX(9px) translateY(-18px);\"></div></div><div style=\"margin-left: 8px;\"> <div style=\" background-color: #F4F4F4; border-radius: 50%; flex-grow: 0; height: 20px; width: 20px;\"></div> <div style=\" width: 0; height: 0; border-top: 2px solid transparent; border-left: 6px solid #f4f4f4; border-bottom: 2px solid transparent; transform: translateX(16px) translateY(-4px) rotate(30deg)\"></div></div><div style=\"margin-left: auto;\"> <div style=\" width: 0px; border-top: 8px solid #F4F4F4; border-right: 8px solid transparent; transform: translateY(16px);\"></div> <div style=\" background-color: #F4F4F4; flex-grow: 0; height: 12px; width: 16px; transform: translateY(-4px);\"></div> <div style=\" width: 0; height: 0; border-top: 8px solid #F4F4F4; border-left: 8px solid transparent; transform: translateY(-4px) translateX(8px);\"></div></div></div> <div style=\"display: flex; flex-direction: column; flex-grow: 1; justify-content: center; margin-bottom: 24px;\"> <div style=\" background-color: #F4F4F4; border-radius: 4px; flex-grow: 0; height: 14px; margin-bottom: 6px; width: 224px;\"></div> <div style=\" background-color: #F4F4F4; border-radius: 4px; flex-grow: 0; height: 14px; width: 144px;\"></div></div></a><p style=\" color:#c9c8cd; font-family:Arial,sans-serif; font-size:14px; line-height:17px; margin-bottom:0; margin-top:8px; overflow:hidden; padding:8px 0 7px; text-align:center; text-overflow:ellipsis; white-space:nowrap;\"><a href=\"https://www.instagram.com/reel/CpVBXGEusNw/?utm_source=ig_embed&amp;utm_campaign=loading\" style=\" color:#c9c8cd; font-family:Arial,sans-serif; font-size:14px; font-style:normal; font-weight:normal; line-height:17px; text-decoration:none;\" target=\"_blank\">A post shared by Rugby JOE (@rugbyjoe)</a></p></div></blockquote> <script async src=\"//www.instagram.com/embed.js\"></script>',''),(37,'Hoola hoop duel',NULL,'2023-03-16 16:12:14','2023-03-16 16:12:14','<blockquote class=\"twitter-tweet\"><p lang=\"en\" dir=\"ltr\">??Hoola Hoop Dual??<br><br>?️ Great activity to look at endurance &amp; importance of body position. <br>?️ Groups of 3, two competing with a referee.<br><br>?Introduce league ladder <br><br>Please retweet if useful ? <a href=\"https://t.co/OCXVMKpthn\">pic.twitter.com/OCXVMKpthn</a></p>&mdash; PE Teacher Toolkit (@pe_toolkit) <a href=\"https://twitter.com/pe_toolkit/status/1631544179942920192?ref_src=twsrc%5Etfw\">March 3, 2023</a></blockquote> <script async src=\"https://platform.twitter.com/widgets.js\" charset=\"utf-8\"></script>',''),(38,'Handling drill',NULL,'2023-03-16 16:24:32','2023-03-16 16:24:32','<blockquote class=\"twitter-tweet\"><p lang=\"en\" dir=\"ltr\">Pass &amp; Follow! ↗️↖️⚽️?<br><br>Large group pass and follow activity that is clever in its design by keeping large numbers active throughout.<br><br>Encourage communication, accuracy and control from all.<a href=\"https://twitter.com/WannaTeachPE?ref_src=twsrc%5Etfw\">@WannaTeachPE</a> is out now! ???<a href=\"https://t.co/zANEpADwve\">https://t.co/zANEpADwve</a> <a href=\"https://t.co/1M6NLOhzrJ\">pic.twitter.com/1M6NLOhzrJ</a></p>&mdash; WannaTeachPE (@WannaTeachPE) <a href=\"https://twitter.com/WannaTeachPE/status/1630811324820123648?ref_src=twsrc%5Etfw\">March 1, 2023</a></blockquote> <script async src=\"https://platform.twitter.com/widgets.js\" charset=\"utf-8\"></script>',''),(39,'Atletico Madrid Hot Potato Drill',NULL,'2023-03-16 16:29:51','2023-03-16 16:29:51','<blockquote class=\"twitter-tweet\"><p lang=\"en\" dir=\"ltr\">Atletico Madrid Hot Potato Tag! ??<br><br>Ball is passed between partners like a hot potato until the command is provided.<br><br>Whoever is in possession must then evade capture towards the finish line.<a href=\"https://twitter.com/WannaTeachPE?ref_src=twsrc%5Etfw\">@WannaTeachPE</a> is out now! ???<a href=\"https://t.co/zANEpADwve\">https://t.co/zANEpADwve</a> <a href=\"https://t.co/lMFC1MJr02\">pic.twitter.com/lMFC1MJr02</a></p>&mdash; WannaTeachPE (@WannaTeachPE) <a href=\"https://twitter.com/WannaTeachPE/status/1630081991344369666?ref_src=twsrc%5Etfw\">February 27, 2023</a></blockquote> <script async src=\"https://platform.twitter.com/widgets.js\" charset=\"utf-8\"></script>',''),(40,'Cone Harvest',NULL,'2023-03-16 22:05:13','2023-03-16 22:05:13','<blockquote class=\"twitter-tweet\"><p lang=\"en\" dir=\"ltr\">Think?React↔️Move?Decelerate↔️Change Directions and COMPETE! <a href=\"https://t.co/kt5a9X1xsZ\">pic.twitter.com/kt5a9X1xsZ</a></p>&mdash; Joe Eisenmann PhD (@Joe_Eisenmann) <a href=\"https://twitter.com/Joe_Eisenmann/status/1549942844797997063?ref_src=twsrc%5Etfw\">July 21, 2022</a></blockquote> <script async src=\"https://platform.twitter.com/widgets.js\" charset=\"utf-8\"></script>',''),(41,'Handball 4 corners, 3 players!',NULL,'2023-03-16 22:13:30','2023-03-16 22:13:30','<blockquote class=\"twitter-tweet\"><p lang=\"en\" dir=\"ltr\">Handball 4 corners, 3 players! ??‍♂️?<br><br>Transferable concept that encourages pass and move and decision making.<br><br>Following their pass, pupils must move to the vacant corner of their square.<a href=\"https://twitter.com/WannaTeachPE?ref_src=twsrc%5Etfw\">@WannaTeachPE</a> is out now! ???<a href=\"https://t.co/zANEpADwve\">https://t.co/zANEpADwve</a> <a href=\"https://t.co/1HAzZLRkYJ\">pic.twitter.com/1HAzZLRkYJ</a></p>&mdash; WannaTeachPE (@WannaTeachPE) <a href=\"https://twitter.com/WannaTeachPE/status/1633430985864880128?ref_src=twsrc%5Etfw\">March 8, 2023</a></blockquote> <script async src=\"https://platform.twitter.com/widgets.js\" charset=\"utf-8\"></script>',''),(42,'Team Tunnels',NULL,'2023-03-18 07:08:32','2023-03-18 07:08:32','<blockquote class=\"twitter-tweet\"><p lang=\"en\" dir=\"ltr\">Team Tunnels! ??‍♀️??<br><br>Each pupil assigned a number. <br><br>When their number is called, they complete a lap then move through their team tunnel.<br><br>First pupil to react and steal the cone wins a point for their team.<a href=\"https://twitter.com/WannaTeachPE?ref_src=twsrc%5Etfw\">@WannaTeachPE</a> is out now! ???<a href=\"https://t.co/zANEpADwve\">https://t.co/zANEpADwve</a> <a href=\"https://t.co/S9Ufjacf8M\">pic.twitter.com/S9Ufjacf8M</a></p>&mdash; WannaTeachPE (@WannaTeachPE) <a href=\"https://twitter.com/WannaTeachPE/status/1633348261535686656?ref_src=twsrc%5Etfw\">March 8, 2023</a></blockquote> <script async src=\"https://platform.twitter.com/widgets.js\" charset=\"utf-8\"></script>',''),(43,'Cone Snatch',NULL,'2023-03-18 07:22:19','2023-03-18 07:22:19','<blockquote class=\"twitter-tweet\"><p lang=\"en\" dir=\"ltr\">Cone Snatch! ??‍♂️??<br><br>Simple concept but a novel way to focus on reaction time and acceleration.<br><br>3pts for a tag, 1pt for avoiding capture.<br><br>Keep score and run as ladder competition. ?<a href=\"https://twitter.com/WannaTeachPE?ref_src=twsrc%5Etfw\">@WannaTeachPE</a> is out now! ???<a href=\"https://t.co/zANEpADwve\">https://t.co/zANEpADwve</a> <a href=\"https://t.co/qF6IR0eN6T\">pic.twitter.com/qF6IR0eN6T</a></p>&mdash; WannaTeachPE (@WannaTeachPE) <a href=\"https://twitter.com/WannaTeachPE/status/1632292926096023553?ref_src=twsrc%5Etfw\">March 5, 2023</a></blockquote> <script async src=\"https://platform.twitter.com/widgets.js\" charset=\"utf-8\"></script>',''),(44,'Lateral change of direction',NULL,'2023-03-19 18:43:51','2023-03-19 18:43:51','<blockquote class=\"twitter-tweet\"><p lang=\"en\" dir=\"ltr\">The worlds best lateral change of direction drill. You are welcome <a href=\"https://t.co/NfARSJm7Tv\">pic.twitter.com/NfARSJm7Tv</a></p>&mdash; Max Schmarzo (sbs) (@strong_science) <a href=\"https://twitter.com/strong_science/status/1631332534440140815?ref_src=twsrc%5Etfw\">March 2, 2023</a></blockquote> <script async src=\"https://platform.twitter.com/widgets.js\" charset=\"utf-8\"></script>',''),(45,'9 flat cones, 2 tall cones, 3 balls',NULL,'2023-03-21 21:01:52','2023-03-21 21:01:52','<blockquote class=\"twitter-tweet\"><p lang=\"en\" dir=\"ltr\">??Connect 3??<br><br>?️ 9 flat cones, 2 tall cones, 3 balls<br>?️ First person to have three balls lined on opponents 3 cones wins. <br>?️ Fun warm up that can be 1 of many stations or replicated multiple times for mass participation.<br><br>Please retweet if useful ? <a href=\"https://t.co/tDocymSFGe\">pic.twitter.com/tDocymSFGe</a></p>&mdash; PE Teacher Toolkit (@pe_toolkit) <a href=\"https://twitter.com/pe_toolkit/status/1638056841518419970?ref_src=twsrc%5Etfw\">March 21, 2023</a></blockquote> <script async src=\"https://platform.twitter.com/widgets.js\" charset=\"utf-8\"></script>',''),(46,'Team vs Runner',NULL,'2023-03-21 21:03:11','2023-03-21 21:03:11','<blockquote class=\"twitter-tweet\"><p lang=\"en\" dir=\"ltr\">??Team vs Runner??<br><br>?️ Most effective in groups of 5 (4 passers, 1 runner).<br><br>?️ Team successfully get ball around first, runner does 5 star jumps.<br><br>?️ Runner wins, team do 5 star jumps. <br><br>Can be applied to: <br>? Rugby<br>? Netball<br>? Basketball <br><br>Please retweet if useful ? <a href=\"https://t.co/Dg0VCnLjpe\">pic.twitter.com/Dg0VCnLjpe</a></p>&mdash; PE Teacher Toolkit (@pe_toolkit) <a href=\"https://twitter.com/pe_toolkit/status/1636975807813025792?ref_src=twsrc%5Etfw\">March 18, 2023</a></blockquote> <script async src=\"https://platform.twitter.com/widgets.js\" charset=\"utf-8\"></script>',''),(47,'Cainele si osul','<p dir=\"ltr\" style=\"line-height: 1.38; margin-top: 0pt; margin-bottom: 0pt;\"><span style=\"font-size: 11pt; font-family: Arial; color: #000000; background-color: transparent; font-weight: 400; font-style: normal; font-variant: normal; text-decoration: none; vertical-align: baseline; white-space: pre-wrap;\">Drill-ul se face In grupe de cate 4 jucatori. Trei jucatori, dintre care unul este osul, se tin de mana, iar al patrulea este cainele. Scopul &ldquo;cainelui&rdquo; e sa ajunga la os, iar al celorlalti sa protejeze osul</span></p>\r\n<p>&nbsp;</p>','2023-03-21 21:13:46','2023-03-21 21:13:46',NULL,''),(48,'Cone Tag',NULL,'2023-03-25 20:29:33','2023-03-25 20:29:33','<blockquote class=\"twitter-tweet\"><p lang=\"en\" dir=\"ltr\">Cone Tag! ????‍♂️?<br><br>Group warm-up focusing on agility, balance and reaction time.<br><br>If your cone is tagged by the central player without being protected, you’re in the middle! <a href=\"https://twitter.com/WannaTeachPE?ref_src=twsrc%5Etfw\">@WannaTeachPE</a> is out now! ???<a href=\"https://t.co/zANEpADwve\">https://t.co/zANEpADwve</a> <a href=\"https://t.co/47iJ7GKxwt\">pic.twitter.com/47iJ7GKxwt</a></p>&mdash; WannaTeachPE (@WannaTeachPE) <a href=\"https://twitter.com/WannaTeachPE/status/1639528214652395520?ref_src=twsrc%5Etfw\">March 25, 2023</a></blockquote> <script async src=\"https://platform.twitter.com/widgets.js\" charset=\"utf-8\"></script>',''),(49,'American Footbal','<p>American Footbal</p>','2023-03-25 22:09:52','2023-03-25 22:09:52',NULL,''),(50,'Agility Drills','<p>Saritura pe 2 picioare in centru, saritura pe un picior lateral</p>\r\n<p>Joc de glezne sau genunchi la piept in centru, saritura pe un picior in lateral</p>\r\n<p>Saritura intr-un picior centru, stanga, centru, dreapta, centru</p>','2023-03-25 22:11:53','2023-05-02 20:55:13','Agility Drills',''),(51,'Indemanare si suport','<p>Grupe de cate 3 jucatori, cu un balon. Grupurile se deplaseaza intr-un perimetru pre-stabilit. Purtatorul de balon trebuie sa \"scape\" de minge la semnal in unul din urmatoarele feluri posibile: aruncat mingea pe spate, aruncat mingea printre picioare, pasa normala stanga sau dreapta, minge lasata pe jos.</p>','2023-03-28 20:38:50','2023-03-28 20:38:50',NULL,''),(52,'Escape & score',NULL,'2023-03-31 21:24:27','2023-03-31 21:24:27','<blockquote class=\"twitter-tweet\"><p lang=\"en\" dir=\"ltr\">Escape &amp; Score! ??<br><br>Decision making and agility put to the test in this activity.<br><br>Set one minute on the clock and see how many tries the central player can score. Rotate roles and repeat!<a href=\"https://twitter.com/WannaTeachPE?ref_src=twsrc%5Etfw\">@WannaTeachPE</a> is out now! ???<a href=\"https://t.co/zANEpADwve\">https://t.co/zANEpADwve</a> <a href=\"https://t.co/1t8OEBeQW6\">pic.twitter.com/1t8OEBeQW6</a></p>&mdash; WannaTeachPE (@WannaTeachPE) <a href=\"https://twitter.com/WannaTeachPE/status/1641679056847482882?ref_src=twsrc%5Etfw\">March 31, 2023</a></blockquote> <script async src=\"https://platform.twitter.com/widgets.js\" charset=\"utf-8\"></script>',''),(53,'Spin pass','<p>Spin pass</p>','2023-04-18 19:41:38','2023-04-18 19:41:38',NULL,''),(54,'Placaj 1v1','<p>Jucatorii pleaca fata in fata. Unul e purtator de balon, celalalt e placheur.</p>\r\n<p>Puratorul de balon trebuie sa atace una din partile placheurului. Acesta trebuie sa-l opreasca</p>','2023-05-02 20:58:22','2023-05-02 20:58:22',NULL,''),(55,'Soimii si porumbeii','<p dir=\"ltr\" style=\"line-height: 1.38; margin-top: 0pt; margin-bottom: 0pt;\"><span style=\"font-size: 11pt; font-family: Arial; color: #000000; background-color: transparent; font-weight: 400; font-style: normal; font-variant: normal; text-decoration: none; vertical-align: baseline; white-space: pre-wrap;\">Jucatorii trebuie sa parcurga un perimetru fara sa fie atinsi sau fara sa li se ia tagul de catre uliul. Cand nu mai au vieti devin la randul lor ulii.&nbsp;</span></p>\r\n<p>&nbsp;</p>','2023-05-09 15:08:46','2023-05-09 15:08:46',NULL,''),(56,'Sprint liniar cu pornire dinamica','<p>3 conuri sunt asezate in linie. Distanta dintre primele 2 conuri reprezinta zona intiala de miscare, iar distanta dintre al doilea si al treilea con reprezinta zona de accelerare. Atletul poate parcurge distanta dintre primele doua conuri in feluri diferite. Spre exemplu, mersul ursului, pasul strengarului, alergare usoara, mers normal.</p>','2023-05-23 20:40:09','2023-05-23 20:43:09',NULL,''),(57,'Invazia','<p>Avem un numar de cuiburi de aparat si cu un aparator mai putin. Atacatori trebuie sa arunce un tricou sau un alt obiect de antrenament in cuib fara sa fie atinsi de aparatori. Daca sunt atinci de aparatori trebuie sa arunce obiectul pe locul unde au fost atinsi.</p>','2023-05-23 20:48:48','2023-05-23 20:48:48',NULL,''),(58,'2vs1','<p dir=\"ltr\" style=\"line-height: 1.38; margin-top: 0pt; margin-bottom: 0pt;\"><span style=\"font-size: 11pt; font-family: Arial; color: #000000; background-color: transparent; font-weight: 400; font-style: normal; font-variant: normal; text-decoration: none; vertical-align: baseline; white-space: pre-wrap;\">Jucatorii pleaca din acelasi loc, 2 intr-o parte, atacul si unul in cealalta, apararea. Mingea e pasata de catre antrenor unuia din jucatorii din atac. Acesta trebuie sa inainteze cu mingea si sa-i paseze colegului de atac inainte de a fi atins de aparator.</span></p>\r\n<p>&nbsp;</p>','2023-06-10 15:51:32','2023-06-10 15:51:32',NULL,''),(59,'3vs2','<p>Atac 3 impotriva 2</p>','2023-06-10 15:52:45','2023-06-10 15:52:45',NULL,''),(60,'Cruce','<p>Purtatorul de balon inainteaza apoi schimba directia spre colegul sau. In acelasi moment colegul isi schimba directia de alergare spre purtatorul de balon. Atunci cand sa intalnesc&nbsp; la jumatatea distantei, purtatorul de balon ii paseaza mingea colegului sau.</p>','2023-06-10 15:56:41','2023-06-10 15:56:41',NULL,''),(61,'Praise talk','<p>Spune un lucru bun despre un coleg de-al tau. Colegul trebuie sa spuna un lucru bun despre altcineva.</p>\r\n<p>Castigatorul de la Super Mario primeste o lauda si o critica de la ceilalti jucatori.</p>\r\n<p>&nbsp;</p>','2023-06-10 16:15:47','2023-06-10 16:15:47',NULL,''),(62,'Roata','<p>Jucatorii se aseaza in cerc, fiecare avand o minge in mana. La un semn arunca mingea in sus si misca in stanga sau in dreapta, prinzand mingea colegului.</p>','2023-06-28 12:02:07','2023-06-28 12:02:07',NULL,''),(63,'Space Awareness Game 1','<p>In a given area, we have up to six lights. Players get to choose their color of choice. We can have multiple players with the same color if there are more then 6 participants. Each player needs to reach the pod showing their color. When somebody reaches the pod, the pod colors are reset and the game restarts.</p>\r\n<p>Change area size.</p>\r\n<p>Add obstacles.</p>\r\n<p>Add moving obstacles with shields.</p>\r\n<p>Add balls to the game. Make it mandatory to have a ball before reaching the pod and to shoot it after the pod is reached by somebody.</p>\r\n<p>&nbsp;</p>','2023-10-29 10:56:05','2023-10-30 16:58:23',NULL,'videos/byBzbg8wApLvjfLTdjlz2bBDge0BkwoycQB4x7b7.mp4'),(64,'Dodge ball','<p>Scopul jocului este eliminarea tuturor jucatorilor adversi prin nimerirea lor cu mingea</p>','2024-01-05 21:17:18','2024-01-05 21:17:18',NULL,NULL),(65,'Defensive line coordination','<p>Tie the users with easy breakable string or same them hold one. Create a line of players this was. The attacking team must find ways to avoid the defensive line. The defensive line can be broken in place to encourgae the attacking team to find spaces&nbsp; in the line not just ways to avoid it</p>','2024-02-03 09:49:05','2024-02-03 09:49:05',NULL,NULL),(66,'Leapsa','<p>leapsa</p>','2024-02-28 14:22:45','2024-02-28 14:22:45',NULL,NULL),(67,'Sprint races','<p>Speed race with various starting scenarios.</p>\r\n<ol>\r\n<li>Plank.</li>\r\n<li>5 push-ups</li>\r\n<li>Lateral jump over fence&nbsp;</li>\r\n<li>Legs up</li>\r\n<li>Bear crawl</li>\r\n<li>Lying face up / down</li>\r\n<li>Crounch under obstacle</li>\r\n<li>Roll</li>\r\n</ol>\r\n<p>Stop in the middle of the race to pickup a rugby ball.</p>\r\n<p>Finish with a jump and close a light</p>','2024-03-16 09:36:15','2024-03-16 09:36:15',NULL,NULL),(68,'Lupta ursilor','<p>Adversarii se misca ca ursul si incearca sa-si dezichilibreze adversarul</p>','2024-03-30 09:36:23','2024-03-30 09:36:23',NULL,NULL),(69,'Lupta cocosilor','<p>Cu mainile la spate, adversarii incearca sa-si scoata adversarul dintr-un cerc</p>','2024-03-30 09:38:09','2024-03-30 09:38:09',NULL,NULL),(70,'Bear football','<p>Using only bear walk, play football without a goal keeper</p>','2024-05-25 19:33:28','2024-05-25 19:33:28',NULL,NULL),(71,'Baseball','<p>Varianta simplificata de baseball. Jucatorul trebuie sa loveasca mingea ca sa poata alerga in linie dreapta o anumita stabilita in prealabil</p>','2024-06-22 07:27:06','2024-06-22 07:27:06',NULL,NULL),(72,'Touch Rugby','<p>Numar nelimitat de atacuri</p>\r\n<p>Atins cu doua maini</p>\r\n<p>Retras in spatele liniei de ruck</p>','2024-11-13 07:10:47','2024-11-13 07:10:47',NULL,NULL),(73,'Magarusul','<p>Se impart participantii in doua echipe. Scopul unei echipe e sa realizeze 10 pase consecutive. Jucatorul care are mingea nu are voie sa se deplaseze, dar are voie sa se invarta pe loc pentru a gasi un coleg caruia sa-i paseze.</p>','2025-01-07 20:11:12','2025-01-07 20:11:12',NULL,NULL),(74,'Speed drills','<p>Sarituri intr-un picior, trei in fata una in spate</p>\r\n<p>Sarituri intr-un picior, trei in fata a 4&nbsp; in sus</p>\r\n<p>Sarituri in doua picioare cu ridicare genunchi</p>\r\n<p>Fandare, saritura, aterizare in fandare</p>\r\n<p>Sarituri laterale in doua picioare</p>\r\n<p>Sarituri laterale intr-un picior</p>','2025-01-11 19:34:24','2025-01-11 19:35:30','<blockquote class=\"twitter-tweet\" data-media-max-width=\"560\"><p lang=\"en\" dir=\"ltr\">Soccer players must play soccer to get better at soccer; however, quickly addressing simple things that improve ability to move and energy efficiency should be taking advantage of. Day 2 <a href=\"https://twitter.com/ECNLboys?ref_src=twsrc%5Etfw\">@ECNLboys</a> NTC. Learning how to progress 1L RFD and braking capacity for agility <a href=\"https://t.co/iZQ82PRvSs\">pic.twitter.com/iZQ82PRvSs</a></p>&mdash; HoundsSpeed + (@houndsspeed) <a href=\"https://twitter.com/houndsspeed/status/1555575645656211456?ref_src=twsrc%5Etfw\">August 5, 2022</a></blockquote> <script async src=\"https://platform.twitter.com/widgets.js\" charset=\"utf-8\"></script>',NULL),(75,'3 man drive','<p>Concurs cu 3 man drive.</p>','2025-01-11 19:42:24','2025-01-11 19:43:11',NULL,NULL),(76,'Dirty Footballer','<p>Alege aleator un jucator care sa arunce cu mingea. Ceilalti participanti trebuie sa fuga.</p>','2025-01-11 19:52:16','2025-01-11 19:52:16','<blockquote class=\"twitter-tweet\" data-media-max-width=\"560\"><p lang=\"en\" dir=\"ltr\">This challenge is brilliant ? <a href=\"https://t.co/AiVavAWlWw\">pic.twitter.com/AiVavAWlWw</a></p>&mdash; Dirty Footballer ? (@DirtyFootbaIIer) <a href=\"https://twitter.com/DirtyFootbaIIer/status/1702329101821083936?ref_src=twsrc%5Etfw\">September 14, 2023</a></blockquote> <script async src=\"https://platform.twitter.com/widgets.js\" charset=\"utf-8\"></script>',NULL),(77,'The countries',NULL,'2025-01-24 09:19:39','2025-01-24 09:19:39','Each player represents a country. In alphabetical order, each player gets his turn to throw the ball. When he throws the ball, he will name one of the other countries. The player named will have to gather the ball and yell stop. The other players, the ones that were not called will have to run as far away as possible from the player with the ball. When they stop, the player with the ball can make 3 giant steps to get closer to the player he wants to catch. He will then throw the ball at him. The player is not allowed to move',NULL),(78,'Handling races','<p>Two players are competing against each other. Their aim is to get to the finish line before the opponent, but they need to collect a ball before.</p>\r\n<p>The ball can be passed, dropped on the floor, thrown randomly.</p>','2025-01-24 09:34:37','2025-01-24 09:34:37',NULL,NULL),(79,'Speed drills 2',NULL,'2025-01-30 20:03:19','2025-01-30 20:03:35','<blockquote class=\"twitter-tweet\" data-media-max-width=\"560\"><p lang=\"en\" dir=\"ltr\">For multi-directional speed based athletes eccentric capacity should be primarily challenged with velocity. The only thing to prepare an athlete to yield under speed is speed itself <a href=\"https://twitter.com/hashtag/LTAD?src=hash&amp;ref_src=twsrc%5Etfw\">#LTAD</a> <a href=\"https://t.co/TaA61IxgWK\">pic.twitter.com/TaA61IxgWK</a></p>&mdash; HoundsSpeed + (@houndsspeed) <a href=\"https://twitter.com/houndsspeed/status/1720150688226058478?ref_src=twsrc%5Etfw\">November 2, 2023</a></blockquote> <script async src=\"https://platform.twitter.com/widgets.js\" charset=\"utf-8\"></script>',NULL),(80,'Takeoffs and landings',NULL,'2025-02-06 21:46:29','2025-02-06 21:46:29','<blockquote class=\"twitter-tweet\" data-media-max-width=\"560\"><p lang=\"en\" dir=\"ltr\"><a href=\"https://twitter.com/hashtag/ACL?src=hash&amp;ref_src=twsrc%5Etfw\">#ACL</a> prevention in female soccer starts at youngest ages with progressive exposure to more intense, complex takeoffs and landings. These impacts are supported by specific relative strengths that promote self awareness and total body control through full ROM <a href=\"https://twitter.com/hashtag/LTAD?src=hash&amp;ref_src=twsrc%5Etfw\">#LTAD</a> <a href=\"https://t.co/acVgXVYD69\">pic.twitter.com/acVgXVYD69</a></p>&mdash; HoundsSpeed + (@houndsspeed) <a href=\"https://twitter.com/houndsspeed/status/1692009845002531281?ref_src=twsrc%5Etfw\">August 17, 2023</a></blockquote> <script async src=\"https://platform.twitter.com/widgets.js\" charset=\"utf-8\"></script>',NULL),(81,'Speed drills 3',NULL,'2025-02-06 21:51:29','2025-02-06 21:51:29','<blockquote class=\"twitter-tweet\" data-media-max-width=\"560\"><p lang=\"en\" dir=\"ltr\">USL Acad #13 (24 hrs. post comp)<br> -Lateral/Backwards plyos to lessen <br> impact<br> &gt;60 min players dynamic warmup,<br> extensive plyos <br> &lt;60 min players extensive, lateral <br> intensive <br>Prefer RSI to momentary demo RFD<a href=\"https://twitter.com/hashtag/LTAD?src=hash&amp;ref_src=twsrc%5Etfw\">#LTAD</a> <a href=\"https://twitter.com/hashtag/ACLprevention?src=hash&amp;ref_src=twsrc%5Etfw\">#ACLprevention</a> <a href=\"https://t.co/nqK0Ka64rG\">pic.twitter.com/nqK0Ka64rG</a></p>&mdash; HoundsSpeed + (@houndsspeed) <a href=\"https://twitter.com/houndsspeed/status/1681048651848663042?ref_src=twsrc%5Etfw\">July 17, 2023</a></blockquote> <script async src=\"https://platform.twitter.com/widgets.js\" charset=\"utf-8\"></script>',NULL),(82,'Ball tag',NULL,'2025-02-06 21:56:29','2025-02-06 21:56:29','<blockquote class=\"twitter-tweet\" data-media-max-width=\"560\"><p lang=\"en\" dir=\"ltr\">Florida Gators Ball Tag! ?????<br><br>Passing team can’t move with the ball.<br><br>Can the evading player survive 30 seconds without capture?<br><br>Enrol on our <a href=\"https://twitter.com/ISFsports?ref_src=twsrc%5Etfw\">@ISFsports</a> course for PE Teachers today! ??<a href=\"https://t.co/oVcYkMgYny\">https://t.co/oVcYkMgYny</a><a href=\"https://twitter.com/WannaTeachPE?ref_src=twsrc%5Etfw\">@WannaTeachPE</a> is out now! ???<a href=\"https://t.co/zANEpADwve\">https://t.co/zANEpADwve</a> <a href=\"https://t.co/CQzgRgdSg2\">pic.twitter.com/CQzgRgdSg2</a></p>&mdash; WannaTeachPE (@WannaTeachPE) <a href=\"https://twitter.com/WannaTeachPE/status/1674278400490459136?ref_src=twsrc%5Etfw\">June 29, 2023</a></blockquote> <script async src=\"https://platform.twitter.com/widgets.js\" charset=\"utf-8\"></script>',NULL),(83,'Speed drill 4','<p><a href=\"https://www.facebook.com/share/r/1BdFypSVdD/\" target=\"_blank\" rel=\"noopener\">https://www.facebook.com/share/r/1BdFypSVdD/</a></p>','2025-03-12 15:32:09','2025-03-12 15:34:26',NULL,NULL);
/*!40000 ALTER TABLE `drills` ENABLE KEYS */;
UNLOCK TABLES;

--
-- Table structure for table `failed_jobs`
--

DROP TABLE IF EXISTS `failed_jobs`;
/*!40101 SET @saved_cs_client     = @@character_set_client */;
/*!50503 SET character_set_client = utf8mb4 */;
CREATE TABLE `failed_jobs` (
  `id` bigint unsigned NOT NULL AUTO_INCREMENT,
  `uuid` varchar(255) CHARACTER SET utf8mb4 COLLATE utf8mb4_unicode_ci NOT NULL,
  `connection` text CHARACTER SET utf8mb4 COLLATE utf8mb4_unicode_ci NOT NULL,
  `queue` text CHARACTER SET utf8mb4 COLLATE utf8mb4_unicode_ci NOT NULL,
  `payload` longtext CHARACTER SET utf8mb4 COLLATE utf8mb4_unicode_ci NOT NULL,
  `exception` longtext CHARACTER SET utf8mb4 COLLATE utf8mb4_unicode_ci NOT NULL,
  `failed_at` timestamp NOT NULL DEFAULT CURRENT_TIMESTAMP,
  PRIMARY KEY (`id`),
  UNIQUE KEY `failed_jobs_uuid_unique` (`uuid`)
) ENGINE=InnoDB DEFAULT CHARSET=utf8mb4 COLLATE=utf8mb4_unicode_ci;
/*!40101 SET character_set_client = @saved_cs_client */;

--
-- Dumping data for table `failed_jobs`
--

LOCK TABLES `failed_jobs` WRITE;
/*!40000 ALTER TABLE `failed_jobs` DISABLE KEYS */;
/*!40000 ALTER TABLE `failed_jobs` ENABLE KEYS */;
UNLOCK TABLES;

--
-- Table structure for table `migrations`
--

DROP TABLE IF EXISTS `migrations`;
/*!40101 SET @saved_cs_client     = @@character_set_client */;
/*!50503 SET character_set_client = utf8mb4 */;
CREATE TABLE `migrations` (
  `id` int unsigned NOT NULL AUTO_INCREMENT,
  `migration` varchar(255) CHARACTER SET utf8mb4 COLLATE utf8mb4_unicode_ci NOT NULL,
  `batch` int NOT NULL,
  PRIMARY KEY (`id`)
) ENGINE=InnoDB AUTO_INCREMENT=29 DEFAULT CHARSET=utf8mb4 COLLATE=utf8mb4_unicode_ci;
/*!40101 SET character_set_client = @saved_cs_client */;

--
-- Dumping data for table `migrations`
--

LOCK TABLES `migrations` WRITE;
/*!40000 ALTER TABLE `migrations` DISABLE KEYS */;
INSERT INTO `migrations` VALUES (1,'2014_10_12_000000_create_users_table',1),(2,'2014_10_12_100000_create_password_resets_table',1),(3,'2019_08_19_000000_create_failed_jobs_table',1),(4,'2019_12_14_000001_create_personal_access_tokens_table',1),(5,'2022_03_22_173508_create_drills_table',1),(6,'2022_04_04_202343_create_tags_table',1),(7,'2023_01_24_215134_add_link_to_drills',2),(8,'2023_01_28_221730_create_sessions_table',3),(9,'2023_01_29_115938_create_drills_tags_table',4),(10,'2023_01_29_120600_create_sessions_drills_table',5),(11,'2023_01_29_204425_change_link_drill_table',6),(12,'2023_02_04_213838_rename_drills_tags_table_to_drill_tags',7),(13,'2023_02_04_214156_rename_sessions_drills_table_to_session_drills',7),(14,'2023_02_06_184058_change_comment_feedback_stars_session_drills_table',8),(15,'2023_02_09_212342_change_sessions_drills_session_id_foreign_key',9),(16,'2023_03_04_184109_change_link_drills_table',10),(17,'2023_03_04_185119_change_description_drills_table',11),(18,'2023_04_15_204150_create_dashboard_tiles_table',12),(19,'2023_10_29_155800_add_video_drill_table',13),(20,'2024_02_03_092547_create_roles_table',14),(21,'2024_03_09_083305_add_role_users_table',15),(22,'2024_05_30_145015_add_user_id_to_sessions',16),(23,'2024_06_03_161728_add_team_table',17),(24,'2024_06_03_164420_create_teams_users_table',18),(25,'2024_06_22_074225_add_role_teams_users_table',19),(26,'2024_06_24_154223_add_team_users_table',20),(27,'2024_06_25_163115_add_user_team_roles_table',21),(28,'2024_08_03_170156_add_created_by_to_teams',22);
/*!40000 ALTER TABLE `migrations` ENABLE KEYS */;
UNLOCK TABLES;

--
-- Table structure for table `password_resets`
--

DROP TABLE IF EXISTS `password_resets`;
/*!40101 SET @saved_cs_client     = @@character_set_client */;
/*!50503 SET character_set_client = utf8mb4 */;
CREATE TABLE `password_resets` (
  `email` varchar(255) CHARACTER SET utf8mb4 COLLATE utf8mb4_unicode_ci NOT NULL,
  `token` varchar(255) CHARACTER SET utf8mb4 COLLATE utf8mb4_unicode_ci NOT NULL,
  `created_at` timestamp NULL DEFAULT NULL,
  KEY `password_resets_email_index` (`email`)
) ENGINE=InnoDB DEFAULT CHARSET=utf8mb4 COLLATE=utf8mb4_unicode_ci;
/*!40101 SET character_set_client = @saved_cs_client */;

--
-- Dumping data for table `password_resets`
--

LOCK TABLES `password_resets` WRITE;
/*!40000 ALTER TABLE `password_resets` DISABLE KEYS */;
/*!40000 ALTER TABLE `password_resets` ENABLE KEYS */;
UNLOCK TABLES;

--
-- Table structure for table `personal_access_tokens`
--

DROP TABLE IF EXISTS `personal_access_tokens`;
/*!40101 SET @saved_cs_client     = @@character_set_client */;
/*!50503 SET character_set_client = utf8mb4 */;
CREATE TABLE `personal_access_tokens` (
  `id` bigint unsigned NOT NULL AUTO_INCREMENT,
  `tokenable_type` varchar(255) CHARACTER SET utf8mb4 COLLATE utf8mb4_unicode_ci NOT NULL,
  `tokenable_id` bigint unsigned NOT NULL,
  `name` varchar(255) CHARACTER SET utf8mb4 COLLATE utf8mb4_unicode_ci NOT NULL,
  `token` varchar(64) CHARACTER SET utf8mb4 COLLATE utf8mb4_unicode_ci NOT NULL,
  `abilities` text CHARACTER SET utf8mb4 COLLATE utf8mb4_unicode_ci,
  `last_used_at` timestamp NULL DEFAULT NULL,
  `created_at` timestamp NULL DEFAULT NULL,
  `updated_at` timestamp NULL DEFAULT NULL,
  PRIMARY KEY (`id`),
  UNIQUE KEY `personal_access_tokens_token_unique` (`token`),
  KEY `personal_access_tokens_tokenable_type_tokenable_id_index` (`tokenable_type`,`tokenable_id`)
) ENGINE=InnoDB DEFAULT CHARSET=utf8mb4 COLLATE=utf8mb4_unicode_ci;
/*!40101 SET character_set_client = @saved_cs_client */;

--
-- Dumping data for table `personal_access_tokens`
--

LOCK TABLES `personal_access_tokens` WRITE;
/*!40000 ALTER TABLE `personal_access_tokens` DISABLE KEYS */;
/*!40000 ALTER TABLE `personal_access_tokens` ENABLE KEYS */;
UNLOCK TABLES;

--
-- Table structure for table `roles`
--

DROP TABLE IF EXISTS `roles`;
/*!40101 SET @saved_cs_client     = @@character_set_client */;
/*!50503 SET character_set_client = utf8mb4 */;
CREATE TABLE `roles` (
  `id` bigint unsigned NOT NULL AUTO_INCREMENT,
  `created_at` timestamp NULL DEFAULT NULL,
  `updated_at` timestamp NULL DEFAULT NULL,
  `name` varchar(255) COLLATE utf8mb4_unicode_ci NOT NULL,
  `authorization` json DEFAULT NULL,
  PRIMARY KEY (`id`)
) ENGINE=InnoDB AUTO_INCREMENT=5 DEFAULT CHARSET=utf8mb4 COLLATE=utf8mb4_unicode_ci;
/*!40101 SET character_set_client = @saved_cs_client */;

--
-- Dumping data for table `roles`
--

LOCK TABLES `roles` WRITE;
/*!40000 ALTER TABLE `roles` DISABLE KEYS */;
INSERT INTO `roles` VALUES (1,'2024-02-10 09:01:20','2024-02-10 09:01:20','Admin',NULL),(2,'2024-02-11 11:45:41','2024-02-11 11:45:41','Regular',NULL);
/*!40000 ALTER TABLE `roles` ENABLE KEYS */;
UNLOCK TABLES;

--
-- Table structure for table `session_drills`
--

DROP TABLE IF EXISTS `session_drills`;
/*!40101 SET @saved_cs_client     = @@character_set_client */;
/*!50503 SET character_set_client = utf8mb4 */;
CREATE TABLE `session_drills` (
  `id` bigint unsigned NOT NULL AUTO_INCREMENT,
  `created_at` timestamp NULL DEFAULT NULL,
  `updated_at` timestamp NULL DEFAULT NULL,
  `drill_id` bigint unsigned NOT NULL,
  `session_id` bigint unsigned NOT NULL,
  `comment` varchar(255) CHARACTER SET utf8mb4 COLLATE utf8mb4_unicode_ci DEFAULT NULL,
  `feedback` varchar(255) CHARACTER SET utf8mb4 COLLATE utf8mb4_unicode_ci DEFAULT NULL,
  `stars` int NOT NULL DEFAULT '0',
  PRIMARY KEY (`id`),
  KEY `session_drills_drill_id_foreign` (`drill_id`),
  KEY `session_drills_session_id_foreign` (`session_id`),
  CONSTRAINT `session_drills_drill_id_foreign` FOREIGN KEY (`drill_id`) REFERENCES `drills` (`id`),
  CONSTRAINT `session_drills_session_id_foreign` FOREIGN KEY (`session_id`) REFERENCES `sessions` (`id`)
) ENGINE=InnoDB AUTO_INCREMENT=516 DEFAULT CHARSET=utf8mb4 COLLATE=utf8mb4_unicode_ci;
/*!40101 SET character_set_client = @saved_cs_client */;

--
-- Dumping data for table `session_drills`
--

LOCK TABLES `session_drills` WRITE;
/*!40000 ALTER TABLE `session_drills` DISABLE KEYS */;
INSERT INTO `session_drills` VALUES (39,'2023-02-11 21:00:02','2023-02-12 17:59:01',11,1,NULL,NULL,0),(40,'2023-02-11 21:00:02','2023-02-12 17:59:44',14,1,NULL,NULL,0),(41,'2023-02-11 21:00:02','2023-02-12 21:18:11',20,1,NULL,NULL,0),(42,'2023-02-12 22:39:44','2023-02-12 22:41:38',21,1,NULL,NULL,0),(43,'2023-03-04 17:29:34','2023-03-04 18:55:52',22,2,NULL,NULL,0),(44,'2023-03-04 17:29:34','2023-03-04 19:13:42',23,2,NULL,NULL,0),(45,'2023-03-04 17:29:34','2023-03-04 18:57:13',21,2,NULL,NULL,0),(55,'2023-03-07 21:06:23','2023-03-07 21:06:55',24,3,NULL,NULL,0),(56,'2023-03-07 21:06:23','2023-03-07 21:31:31',25,3,NULL,NULL,0),(57,'2023-03-07 21:06:23','2023-03-07 21:08:33',21,3,NULL,NULL,0),(58,'2023-03-07 21:35:16','2023-03-07 21:35:16',26,3,NULL,NULL,0),(65,'2023-03-09 20:09:13','2023-03-11 21:32:09',27,4,NULL,NULL,0),(66,'2023-03-09 20:09:13','2023-03-09 20:09:13',26,4,NULL,NULL,0),(67,'2023-03-09 20:09:13','2023-03-11 21:22:51',21,4,NULL,NULL,0),(68,'2023-03-11 21:35:31','2023-03-11 21:35:31',28,4,NULL,NULL,0),(69,'2023-03-12 21:57:22','2023-03-14 21:29:35',31,5,NULL,NULL,0),(70,'2023-03-12 21:57:22','2023-03-14 21:29:54',30,5,NULL,NULL,0),(71,'2023-03-12 21:57:22','2023-03-14 21:34:39',32,5,NULL,NULL,0),(72,'2023-03-14 21:35:50','2023-03-14 21:35:50',21,5,NULL,NULL,0),(73,'2023-03-16 15:42:01','2023-03-16 15:42:01',15,6,NULL,NULL,0),(74,'2023-03-16 15:42:02','2023-03-16 15:50:07',35,6,NULL,NULL,0),(75,'2023-03-16 15:42:02','2023-03-16 16:15:35',26,6,NULL,NULL,0),(76,'2023-03-19 18:26:04','2023-03-21 21:23:56',39,7,NULL,NULL,0),(77,'2023-03-19 18:26:04','2023-03-19 18:44:57',44,7,NULL,NULL,0),(78,'2023-03-19 18:26:04','2023-03-21 21:21:39',47,7,NULL,NULL,0),(79,'2023-03-21 21:24:19','2023-03-21 21:24:19',21,7,NULL,NULL,0),(80,'2023-03-25 20:01:34','2023-03-25 20:01:34',47,8,NULL,NULL,0),(81,'2023-03-25 20:01:34','2023-03-25 20:30:04',48,8,NULL,NULL,0),(82,'2023-03-25 20:01:34','2023-03-25 20:26:58',21,8,NULL,NULL,0),(83,'2023-03-25 22:10:37','2023-03-25 22:10:37',49,8,NULL,NULL,0),(91,'2023-03-28 20:40:26','2023-03-28 20:40:26',51,9,NULL,NULL,0),(92,'2023-03-28 20:40:26','2023-03-28 20:40:26',36,9,NULL,NULL,0),(93,'2023-03-28 20:40:26','2023-03-28 20:40:26',39,9,NULL,NULL,0),(94,'2023-03-28 20:40:26','2023-03-28 20:40:26',21,9,NULL,NULL,0),(154,'2023-04-17 20:48:07','2023-04-17 20:48:07',2,10,NULL,NULL,0),(155,'2023-04-17 20:48:07','2023-04-18 19:47:05',53,10,NULL,NULL,0),(156,'2023-04-17 20:48:07','2023-04-18 18:55:53',21,10,NULL,NULL,0),(157,'2023-04-26 20:55:36','2023-04-26 20:56:42',13,11,NULL,NULL,0),(158,'2023-04-26 20:55:38','2023-04-26 20:55:38',53,11,NULL,NULL,0),(159,'2023-04-26 20:55:40','2023-04-26 20:55:40',21,11,NULL,NULL,0),(173,'2023-05-02 20:59:00','2023-05-02 20:59:00',52,12,NULL,NULL,0),(174,'2023-05-02 20:59:00','2023-05-02 20:59:00',50,12,NULL,NULL,0),(175,'2023-05-02 20:59:00','2023-05-02 20:59:00',54,12,NULL,NULL,0),(176,'2023-05-02 20:59:00','2023-05-02 20:59:00',21,12,NULL,NULL,0),(177,'2023-05-09 15:05:17','2023-05-09 15:09:14',55,13,NULL,NULL,0),(178,'2023-05-09 15:05:17','2023-05-09 15:05:17',50,13,NULL,NULL,0),(179,'2023-05-09 15:05:17','2023-05-09 15:05:17',54,13,NULL,NULL,0),(180,'2023-05-09 15:05:17','2023-05-09 15:05:17',21,13,NULL,NULL,0),(181,'2023-05-09 15:09:36','2023-05-09 15:09:36',33,14,NULL,NULL,0),(182,'2023-05-09 15:09:36','2023-05-09 15:09:36',10,14,NULL,NULL,0),(183,'2023-05-09 15:09:36','2023-05-09 15:09:36',22,14,NULL,NULL,0),(188,'2023-05-23 20:50:39','2023-05-23 20:50:39',57,15,NULL,NULL,0),(189,'2023-05-23 20:50:39','2023-05-23 20:50:39',56,15,NULL,NULL,0),(190,'2023-05-23 20:50:39','2023-05-23 20:50:39',54,15,NULL,NULL,0),(191,'2023-05-23 20:50:39','2023-05-23 20:50:39',21,15,NULL,NULL,0),(196,'2023-06-10 16:00:30','2023-06-10 16:00:30',15,16,NULL,NULL,0),(197,'2023-06-10 16:00:30','2023-06-10 16:00:30',58,16,NULL,NULL,0),(198,'2023-06-10 16:00:30','2023-06-10 16:00:30',60,16,NULL,NULL,0),(199,'2023-06-10 16:00:30','2023-06-10 16:00:30',21,16,NULL,NULL,0),(200,'2023-06-10 16:16:39','2023-06-10 16:16:39',61,16,NULL,NULL,0),(201,'2023-06-28 12:02:53','2023-06-28 12:03:16',62,17,NULL,NULL,0),(202,'2023-06-28 12:02:53','2023-06-28 12:02:53',53,17,NULL,NULL,0),(203,'2023-06-28 12:02:53','2023-06-28 12:03:40',21,17,NULL,NULL,0),(208,'2023-09-05 19:19:58','2023-09-05 19:19:58',17,18,NULL,NULL,0),(209,'2023-09-05 19:19:58','2023-09-05 19:19:58',16,18,NULL,NULL,0),(210,'2023-09-05 19:19:58','2023-09-05 19:19:58',24,18,NULL,NULL,0),(211,'2023-09-05 19:19:58','2023-09-05 19:19:58',21,18,NULL,NULL,0),(214,'2023-10-29 10:56:49','2023-10-29 10:56:49',63,19,NULL,NULL,0),(215,'2023-10-29 10:56:49','2023-10-29 10:56:49',54,19,NULL,NULL,0),(216,'2023-10-29 10:57:14','2023-10-29 10:57:14',21,19,NULL,NULL,0),(217,'2024-01-05 21:06:33','2024-02-03 09:49:47',65,20,NULL,NULL,0),(218,'2024-01-05 21:06:33','2024-01-05 21:06:33',44,20,NULL,NULL,0),(219,'2024-01-05 21:06:33','2024-01-05 21:09:39',21,20,NULL,NULL,0),(223,'2024-02-13 17:08:08','2024-02-13 17:08:08',47,21,NULL,NULL,0),(224,'2024-02-13 17:08:08','2024-02-13 17:08:08',50,21,NULL,NULL,0),(225,'2024-02-13 17:08:08','2024-02-13 17:08:08',21,21,NULL,NULL,0),(229,'2024-02-28 14:20:56','2024-02-28 14:24:08',66,22,NULL,NULL,0),(230,'2024-02-28 14:20:56','2024-02-28 14:20:56',50,22,NULL,NULL,0),(231,'2024-02-28 14:20:56','2024-02-28 14:20:56',21,22,NULL,NULL,0),(232,'2024-03-02 10:19:56','2024-03-02 10:19:56',66,23,NULL,NULL,0),(233,'2024-03-02 10:19:56','2024-03-02 10:19:56',50,23,NULL,NULL,0),(234,'2024-03-02 10:19:56','2024-03-02 10:19:56',21,23,NULL,NULL,0),(238,'2024-03-09 09:39:35','2024-03-09 09:39:35',51,24,NULL,NULL,0),(239,'2024-03-09 09:39:35','2024-03-09 09:42:52',53,24,NULL,NULL,0),(240,'2024-03-09 09:39:35','2024-03-09 09:39:35',21,24,NULL,NULL,0),(244,'2024-03-16 09:29:29','2024-03-16 09:36:37',67,25,NULL,NULL,0),(245,'2024-03-16 09:29:29','2024-03-16 09:30:27',35,25,NULL,NULL,0),(246,'2024-03-16 09:29:29','2024-03-16 09:29:29',21,25,NULL,NULL,0),(247,'2024-03-20 08:24:40','2024-03-20 08:24:40',67,26,NULL,NULL,0),(248,'2024-03-20 08:24:40','2024-03-20 08:24:40',35,26,NULL,NULL,0),(249,'2024-03-20 08:24:40','2024-03-20 08:24:40',21,26,NULL,NULL,0),(250,'2024-03-23 08:32:59','2024-03-23 08:35:20',39,27,NULL,NULL,0),(251,'2024-03-23 08:32:59','2024-03-23 08:32:59',35,27,NULL,NULL,0),(252,'2024-03-23 08:32:59','2024-03-23 08:32:59',21,27,NULL,NULL,0),(258,'2024-03-30 09:38:27','2024-03-30 09:38:27',69,28,NULL,NULL,0),(259,'2024-03-30 09:38:27','2024-03-30 09:38:27',68,28,NULL,NULL,0),(260,'2024-03-30 09:38:27','2024-03-30 09:38:27',54,28,NULL,NULL,0),(261,'2024-03-30 09:38:40','2024-03-30 09:38:40',21,28,NULL,NULL,0),(272,'2024-04-02 15:36:31','2024-04-02 15:36:31',48,29,NULL,NULL,0),(273,'2024-04-02 15:36:31','2024-04-02 15:36:31',50,29,NULL,NULL,0),(274,'2024-04-02 15:36:31','2024-04-02 15:36:31',8,29,NULL,NULL,0),(275,'2024-04-02 15:36:31','2024-04-02 15:36:31',21,29,NULL,NULL,0),(276,'2024-04-09 15:13:46','2024-04-09 15:16:44',32,30,NULL,NULL,0),(277,'2024-04-09 15:13:46','2024-04-09 15:13:46',50,30,NULL,NULL,0),(278,'2024-04-09 15:13:46','2024-04-09 15:13:46',8,30,NULL,NULL,0),(279,'2024-04-09 15:13:46','2024-04-09 15:13:46',21,30,NULL,NULL,0),(284,'2024-04-20 08:18:17','2024-04-20 08:18:17',24,31,NULL,NULL,0),(285,'2024-04-20 08:18:17','2024-04-20 08:18:17',21,31,NULL,NULL,0),(286,'2024-05-25 19:31:47','2024-05-25 19:33:43',70,32,NULL,NULL,0),(287,'2024-05-25 19:31:47','2024-05-25 19:31:47',68,32,NULL,NULL,0),(288,'2024-05-25 19:31:47','2024-05-25 19:31:47',54,32,NULL,NULL,0),(289,'2024-05-25 19:32:02','2024-05-25 19:32:02',21,32,NULL,NULL,0),(294,'2024-05-29 14:36:58','2024-05-29 14:36:58',66,33,NULL,NULL,0),(295,'2024-05-29 14:36:58','2024-05-29 14:36:58',50,33,NULL,NULL,0),(296,'2024-05-29 14:36:58','2024-05-29 14:36:58',54,33,NULL,NULL,0),(297,'2024-05-29 14:36:58','2024-05-29 14:36:58',21,33,NULL,NULL,0),(300,'2024-05-30 15:21:34','2024-05-30 15:21:53',21,34,NULL,NULL,0),(311,'2024-06-03 16:11:24','2024-06-03 16:11:24',57,35,NULL,NULL,0),(312,'2024-06-03 16:11:24','2024-06-03 16:11:24',50,35,NULL,NULL,0),(313,'2024-06-03 16:11:24','2024-06-03 16:11:24',54,35,NULL,NULL,0),(314,'2024-06-03 16:11:24','2024-06-03 16:11:24',21,35,NULL,NULL,0),(315,'2024-06-08 07:52:43','2024-06-08 07:52:43',55,36,NULL,NULL,0),(316,'2024-06-08 07:52:43','2024-06-08 07:52:43',44,36,NULL,NULL,0),(317,'2024-06-08 07:52:43','2024-06-08 07:53:33',21,36,NULL,NULL,0),(318,'2024-06-22 07:25:24','2024-06-22 07:27:44',13,37,NULL,NULL,0),(319,'2024-06-22 07:25:24','2024-06-22 07:28:20',35,37,NULL,NULL,0),(320,'2024-06-22 07:25:24','2024-06-22 07:28:42',21,37,NULL,NULL,0),(323,'2024-07-31 09:36:37','2024-07-31 09:36:51',21,38,NULL,NULL,0),(324,'2024-09-09 16:41:38','2024-09-09 16:48:34',23,39,NULL,NULL,0),(325,'2024-09-09 16:41:38','2024-09-09 16:43:49',50,39,NULL,NULL,0),(326,'2024-09-09 16:41:38','2024-09-09 16:42:03',21,39,NULL,NULL,0),(327,'2024-09-18 14:12:35','2024-09-18 14:12:35',25,40,NULL,NULL,0),(328,'2024-09-18 14:12:35','2024-09-18 14:12:35',2,40,NULL,NULL,0),(329,'2024-09-18 14:12:35','2024-09-18 14:12:35',64,40,NULL,NULL,0),(330,'2024-09-18 14:13:36','2024-09-18 14:13:36',21,40,NULL,NULL,0),(331,'2024-09-25 13:21:13','2024-09-25 13:23:48',67,41,NULL,NULL,0),(332,'2024-09-25 13:21:13','2024-09-25 13:24:30',35,41,NULL,NULL,0),(333,'2024-09-25 13:21:13','2024-09-25 13:24:46',21,41,NULL,NULL,0),(334,'2024-11-13 07:06:51','2024-11-13 07:08:42',36,42,NULL,NULL,0),(335,'2024-11-13 07:06:51','2024-11-13 07:12:05',46,42,NULL,NULL,0),(336,'2024-11-13 07:06:51','2024-11-13 07:11:10',72,42,NULL,NULL,0),(337,'2024-12-06 17:49:08','2024-12-06 17:49:08',16,43,NULL,NULL,0),(338,'2024-12-06 17:49:08','2024-12-06 17:49:08',35,43,NULL,NULL,0),(339,'2024-12-06 17:49:08','2024-12-06 17:51:34',72,43,NULL,NULL,0),(340,'2024-12-10 16:12:21','2024-12-10 16:12:49',67,44,NULL,NULL,0),(341,'2024-12-10 16:12:21','2024-12-10 16:13:35',35,44,NULL,NULL,0),(342,'2024-12-10 16:12:21','2024-12-10 16:13:15',54,44,NULL,NULL,0),(349,'2024-12-27 15:04:02','2025-01-07 20:12:47',73,45,NULL,NULL,0),(350,'2024-12-27 15:04:02','2025-01-07 20:16:30',35,45,NULL,NULL,0),(351,'2024-12-27 15:04:02','2024-12-27 15:04:49',21,45,NULL,NULL,0),(352,'2025-01-11 17:29:54','2025-01-11 17:30:14',28,46,NULL,NULL,0),(353,'2025-01-11 17:29:54','2025-01-11 19:36:37',74,46,NULL,NULL,0),(354,'2025-01-11 17:29:54','2025-01-11 19:42:41',75,46,NULL,NULL,0),(365,'2025-01-13 19:20:18','2025-01-13 19:20:18',55,47,NULL,NULL,0),(366,'2025-01-13 19:20:18','2025-01-13 19:20:18',50,47,NULL,NULL,0),(367,'2025-01-13 19:20:18','2025-01-13 19:20:18',32,47,NULL,NULL,0),(368,'2025-01-13 19:20:18','2025-01-13 19:20:18',21,47,NULL,NULL,0),(369,'2025-01-16 16:38:33','2025-01-16 16:38:33',55,48,NULL,NULL,0),(370,'2025-01-16 16:38:33','2025-01-16 16:38:33',50,48,NULL,NULL,0),(371,'2025-01-16 16:38:33','2025-01-16 16:38:33',32,48,NULL,NULL,0),(372,'2025-01-16 16:38:33','2025-01-16 16:38:33',21,48,NULL,NULL,0),(380,'2025-01-18 19:00:50','2025-01-18 19:00:50',64,49,NULL,NULL,0),(381,'2025-01-18 19:00:51','2025-01-18 19:00:51',50,49,NULL,NULL,0),(382,'2025-01-18 19:00:51','2025-01-18 19:00:51',32,49,NULL,NULL,0),(383,'2025-01-18 19:00:51','2025-01-18 19:00:51',21,49,NULL,NULL,0),(391,'2025-01-20 18:33:51','2025-01-20 18:33:51',62,50,NULL,NULL,0),(392,'2025-01-20 18:33:51','2025-01-20 18:33:51',76,50,NULL,NULL,0),(393,'2025-01-20 18:33:51','2025-01-20 18:33:51',58,50,NULL,NULL,0),(394,'2025-01-20 18:33:51','2025-01-20 18:33:51',21,50,NULL,NULL,0),(398,'2025-01-24 09:31:08','2025-01-24 09:31:08',77,51,NULL,NULL,0),(399,'2025-01-24 09:31:08','2025-01-24 09:35:38',78,51,NULL,NULL,0),(400,'2025-01-24 09:31:08','2025-01-24 09:31:08',21,51,NULL,NULL,0),(401,'2025-01-26 17:05:36','2025-01-26 17:05:36',22,52,NULL,NULL,0),(402,'2025-01-26 17:05:36','2025-01-28 12:44:10',74,52,NULL,NULL,0),(403,'2025-01-26 17:05:36','2025-01-28 12:45:59',14,52,NULL,NULL,0),(404,'2025-01-26 17:06:23','2025-01-26 17:06:23',21,52,NULL,NULL,0),(408,'2025-01-29 21:11:15','2025-01-30 19:52:44',46,53,NULL,NULL,0),(409,'2025-01-29 21:11:15','2025-01-30 20:04:23',79,53,NULL,NULL,0),(410,'2025-01-29 21:11:15','2025-01-29 21:11:48',21,53,NULL,NULL,0),(414,'2025-02-01 11:29:43','2025-02-01 11:29:43',12,54,NULL,NULL,0),(415,'2025-02-01 11:29:43','2025-02-01 11:32:12',79,54,NULL,NULL,0),(416,'2025-02-01 11:29:43','2025-02-01 11:32:42',21,54,NULL,NULL,0),(417,'2025-02-01 11:34:59','2025-02-01 11:34:59',77,54,NULL,NULL,0),(418,'2025-02-03 20:46:31','2025-02-03 20:46:31',39,55,NULL,NULL,0),(419,'2025-02-03 20:46:31','2025-02-03 20:50:13',50,55,NULL,NULL,0),(420,'2025-02-03 20:46:31','2025-02-03 20:50:36',21,55,NULL,NULL,0),(429,'2025-02-03 21:41:34','2025-02-03 21:41:34',57,56,NULL,NULL,0),(431,'2025-02-03 21:41:34','2025-02-03 21:41:34',50,56,NULL,NULL,0),(432,'2025-02-03 21:41:34','2025-02-03 21:41:34',21,56,NULL,NULL,0),(433,'2025-02-03 21:44:34','2025-02-03 21:47:26',23,57,NULL,NULL,0),(434,'2025-02-03 21:44:34','2025-02-03 21:46:09',50,57,NULL,NULL,0),(436,'2025-02-03 21:45:19','2025-02-03 21:45:19',72,57,NULL,NULL,0),(458,'2025-02-06 21:26:56','2025-02-06 21:26:56',45,58,NULL,NULL,0),(459,'2025-02-06 21:26:56','2025-02-06 21:26:56',50,58,NULL,NULL,0),(460,'2025-02-08 19:20:52','2025-02-08 19:20:52',21,58,NULL,NULL,0),(465,'2025-02-08 19:32:12','2025-02-08 19:32:12',57,59,NULL,NULL,0),(466,'2025-02-08 19:32:12','2025-02-08 19:32:12',50,59,NULL,NULL,0),(467,'2025-02-08 19:32:12','2025-02-08 19:32:12',15,59,NULL,NULL,0),(468,'2025-02-08 19:32:12','2025-02-08 19:32:12',72,59,NULL,NULL,0),(469,'2025-02-08 19:49:28','2025-02-08 19:49:28',57,60,NULL,NULL,0),(470,'2025-02-08 19:49:28','2025-02-08 19:49:28',50,60,NULL,NULL,0),(471,'2025-02-08 19:49:28','2025-02-08 19:49:28',21,60,NULL,NULL,0),(493,'2025-02-21 19:31:11','2025-02-21 19:31:11',46,61,NULL,NULL,0),(494,'2025-02-21 19:31:11','2025-02-21 19:31:11',82,61,NULL,NULL,0),(495,'2025-02-21 19:31:11','2025-02-21 19:31:11',21,61,NULL,NULL,0),(502,'2025-02-21 19:33:56','2025-03-05 08:38:36',82,62,NULL,NULL,0),(503,'2025-02-21 19:33:56','2025-02-21 19:34:07',58,62,NULL,NULL,0),(504,'2025-02-21 19:33:56','2025-02-21 19:33:56',21,62,NULL,NULL,0),(512,'2025-03-12 15:36:22','2025-03-12 15:36:22',83,63,NULL,NULL,0),(513,'2025-03-12 15:36:22','2025-03-12 15:36:22',45,63,NULL,NULL,0),(514,'2025-03-12 15:36:22','2025-03-12 15:36:22',74,63,NULL,NULL,0),(515,'2025-03-12 15:36:22','2025-03-12 15:36:22',54,63,NULL,NULL,0);
/*!40000 ALTER TABLE `session_drills` ENABLE KEYS */;
UNLOCK TABLES;

--
-- Table structure for table `sessions`
--

DROP TABLE IF EXISTS `sessions`;
/*!40101 SET @saved_cs_client     = @@character_set_client */;
/*!50503 SET character_set_client = utf8mb4 */;
CREATE TABLE `sessions` (
  `id` bigint unsigned NOT NULL AUTO_INCREMENT,
  `name` varchar(255) CHARACTER SET utf8mb4 COLLATE utf8mb4_unicode_ci NOT NULL,
  `created_at` timestamp NULL DEFAULT NULL,
  `updated_at` timestamp NULL DEFAULT NULL,
  `tag_id` bigint unsigned NOT NULL,
  `user_id` bigint unsigned NOT NULL DEFAULT '1',
  PRIMARY KEY (`id`),
  KEY `sessions_tag_id_foreign` (`tag_id`),
  KEY `sessions_user_id_foreign` (`user_id`),
  CONSTRAINT `sessions_tag_id_foreign` FOREIGN KEY (`tag_id`) REFERENCES `tags` (`id`),
  CONSTRAINT `sessions_user_id_foreign` FOREIGN KEY (`user_id`) REFERENCES `users` (`id`) ON DELETE CASCADE
) ENGINE=InnoDB AUTO_INCREMENT=64 DEFAULT CHARSET=utf8mb4 COLLATE=utf8mb4_unicode_ci;
/*!40101 SET character_set_client = @saved_cs_client */;

--
-- Dumping data for table `sessions`
--

LOCK TABLES `sessions` WRITE;
/*!40000 ALTER TABLE `sessions` DISABLE KEYS */;
INSERT INTO `sessions` VALUES (1,'20230212','2023-02-03 22:13:28','2023-02-11 20:51:33',2,1),(2,'20230305','2023-03-04 17:29:23','2023-03-04 17:29:23',1,1),(3,'20230308','2023-03-05 20:47:47','2023-03-05 20:47:47',1,1),(4,'20230312','2023-03-09 20:06:53','2023-03-09 20:06:53',1,1),(5,'20230315','2023-03-12 21:57:18','2023-03-12 21:57:18',1,1),(6,'20230319','2023-03-16 15:41:59','2023-03-16 15:41:59',1,1),(7,'20230319','2023-03-19 18:26:00','2023-03-19 18:26:00',3,1),(8,'20230325','2023-03-25 20:01:30','2023-03-25 20:01:30',3,1),(9,'20230326','2023-03-26 20:16:16','2023-03-26 20:16:16',4,1),(10,'20230419','2023-03-29 19:47:42','2023-04-17 20:47:07',4,1),(11,'20230426','2023-04-26 20:55:33','2023-04-26 20:56:07',4,1),(12,'20230502','2023-05-02 20:33:49','2023-05-02 20:33:49',3,1),(13,'20230507','2023-05-09 15:05:16','2023-05-09 15:05:46',3,1),(14,'20230510','2023-05-09 15:09:32','2023-05-09 15:09:32',2,1),(15,'20230523','2023-05-23 20:11:09','2023-05-23 20:11:09',2,1),(16,'20230611','2023-06-10 15:42:35','2023-06-10 15:42:35',4,1),(17,'20230628','2023-06-28 12:02:49','2023-06-28 12:02:49',4,1),(18,'20230905','2023-09-05 19:05:37','2023-09-05 19:05:37',1,1),(19,'20230811','2023-10-29 10:42:15','2023-10-29 10:42:15',10,1),(20,'20240107','2024-01-05 21:06:27','2024-01-05 21:06:27',1,1),(21,'20240214','2024-02-13 17:07:53','2024-02-13 17:07:53',3,1),(22,'20240228','2024-02-28 14:20:34','2024-02-28 14:20:34',3,1),(23,'20240302','2024-03-02 10:19:56','2024-03-02 10:20:32',3,1),(24,'20240310','2024-03-09 09:39:05','2024-03-09 09:39:05',4,1),(25,'20240316','2024-03-16 09:29:20','2024-03-16 09:29:20',2,1),(26,'20240320','2024-03-20 08:24:40','2024-03-20 08:24:53',2,1),(27,'20240323','2024-03-23 08:32:59','2024-03-23 08:33:14',2,1),(28,'20230327','2024-03-27 10:20:48','2024-03-27 10:20:48',10,1),(29,'20240404','2024-04-02 15:34:31','2024-04-09 15:14:16',3,1),(30,'20240409','2024-04-09 15:13:46','2024-04-09 15:14:05',3,1),(31,'20240420','2024-04-20 08:08:46','2024-04-20 08:08:46',1,1),(32,'20240525','2024-05-25 19:31:46','2024-05-25 19:31:46',10,1),(33,'20240529','2024-05-29 14:35:32','2024-05-29 14:35:32',3,1),(34,'20240602','2024-05-30 15:18:42','2024-05-30 15:18:42',1,2),(35,'20240605','2024-06-03 16:09:15','2024-06-03 16:09:15',3,2),(36,'20240609','2024-06-08 07:52:38','2024-06-08 07:52:38',3,2),(37,'20240622','2024-06-22 07:25:21','2024-06-22 07:25:21',2,2),(38,'20240730','2024-07-31 09:36:35','2024-07-31 09:36:35',1,2),(39,'20240909','2024-09-09 16:41:36','2024-09-09 16:41:36',3,2),(40,'20240918','2024-09-18 14:12:32','2024-09-18 14:12:32',4,2),(41,'20240925','2024-09-25 13:21:07','2024-09-25 13:21:07',2,2),(42,'20241113','2024-11-13 07:06:48','2024-11-13 07:06:48',4,2),(43,'20241208','2024-12-06 17:48:53','2024-12-06 17:48:53',2,2),(44,'20241210','2024-12-10 16:12:19','2024-12-10 16:12:19',2,2),(45,'20250105','2024-12-27 15:02:32','2024-12-27 15:02:32',2,3),(46,'20250111','2025-01-11 17:29:52','2025-01-11 17:29:52',2,2),(47,'20250115','2025-01-13 19:17:34','2025-01-13 19:17:34',3,2),(48,'20250115 (1)','2025-01-16 16:38:33','2025-01-16 16:38:33',3,1),(49,'20250118','2025-01-18 18:52:28','2025-01-18 18:52:28',3,2),(50,'20250123','2025-01-20 18:23:14','2025-01-20 18:23:14',4,2),(51,'20250126','2025-01-24 09:20:13','2025-01-24 09:20:13',4,2),(52,'20250129','2025-01-26 17:05:34','2025-01-26 17:05:34',2,2),(53,'20250202','2025-01-29 21:10:23','2025-01-29 21:10:23',2,2),(54,'20250202','2025-02-01 11:28:11','2025-02-01 11:28:11',2,3),(55,'20250203','2025-02-03 20:44:04','2025-02-03 20:44:04',3,2),(56,'20250203','2025-02-03 21:30:18','2025-02-03 21:30:18',3,3),(57,'20250203','2025-02-03 21:44:31','2025-02-03 21:44:31',3,4),(58,'20250209','2025-02-06 21:05:08','2025-02-06 21:05:08',3,2),(59,'20250209','2025-02-08 19:31:19','2025-02-08 19:40:15',3,4),(60,'20250209','2025-02-08 19:49:28','2025-02-08 19:49:42',3,3),(61,'20250226','2025-02-17 19:14:36','2025-02-17 19:14:36',4,2),(62,'20250226','2025-02-17 19:20:38','2025-02-17 19:20:38',4,4),(63,'20250308','2025-03-08 18:14:46','2025-03-08 18:14:46',2,2);
/*!40000 ALTER TABLE `sessions` ENABLE KEYS */;
UNLOCK TABLES;

--
-- Table structure for table `tags`
--

DROP TABLE IF EXISTS `tags`;
/*!40101 SET @saved_cs_client     = @@character_set_client */;
/*!50503 SET character_set_client = utf8mb4 */;
CREATE TABLE `tags` (
  `id` bigint unsigned NOT NULL AUTO_INCREMENT,
  `name` varchar(255) CHARACTER SET utf8mb4 COLLATE utf8mb4_unicode_ci NOT NULL,
  `created_at` timestamp NULL DEFAULT NULL,
  `updated_at` timestamp NULL DEFAULT NULL,
  PRIMARY KEY (`id`)
) ENGINE=InnoDB AUTO_INCREMENT=14 DEFAULT CHARSET=utf8mb4 COLLATE=utf8mb4_unicode_ci;
/*!40101 SET character_set_client = @saved_cs_client */;

--
-- Dumping data for table `tags`
--

LOCK TABLES `tags` WRITE;
/*!40000 ALTER TABLE `tags` DISABLE KEYS */;
INSERT INTO `tags` VALUES (1,'Game','2023-01-29 11:55:48','2023-04-09 16:09:07'),(2,'Speed','2023-01-29 11:55:59','2023-01-29 11:55:59'),(3,'Agility','2023-01-29 11:56:07','2023-01-29 11:56:07'),(4,'Handling','2023-01-29 11:56:24','2023-01-29 11:56:24'),(5,'Drill','2023-02-11 20:26:48','2023-02-11 20:26:48'),(6,'Strength','2023-03-16 16:17:53','2023-03-16 16:17:53'),(9,'Passing','2023-04-09 16:15:44','2023-04-09 16:15:44'),(10,'Tackle','2023-05-02 20:55:31','2023-05-02 20:55:31'),(11,'Defence','2023-05-02 20:55:46','2023-05-02 20:55:46'),(12,'Communication','2023-06-10 16:12:34','2023-06-10 16:12:34'),(13,'Space Awareness','2023-10-29 10:43:35','2023-10-29 10:43:35');
/*!40000 ALTER TABLE `tags` ENABLE KEYS */;
UNLOCK TABLES;

--
-- Table structure for table `teams`
--

DROP TABLE IF EXISTS `teams`;
/*!40101 SET @saved_cs_client     = @@character_set_client */;
/*!50503 SET character_set_client = utf8mb4 */;
CREATE TABLE `teams` (
  `id` bigint unsigned NOT NULL AUTO_INCREMENT,
  `created_at` timestamp NULL DEFAULT NULL,
  `updated_at` timestamp NULL DEFAULT NULL,
  `name` varchar(255) COLLATE utf8mb4_unicode_ci NOT NULL,
  `created_by` bigint unsigned NOT NULL DEFAULT '1',
  PRIMARY KEY (`id`),
  KEY `teams_created_by_foreign` (`created_by`),
  CONSTRAINT `teams_created_by_foreign` FOREIGN KEY (`created_by`) REFERENCES `users` (`id`) ON DELETE CASCADE
) ENGINE=InnoDB AUTO_INCREMENT=3 DEFAULT CHARSET=utf8mb4 COLLATE=utf8mb4_unicode_ci;
/*!40101 SET character_set_client = @saved_cs_client */;

--
-- Dumping data for table `teams`
--

LOCK TABLES `teams` WRITE;
/*!40000 ALTER TABLE `teams` DISABLE KEYS */;
INSERT INTO `teams` VALUES (2,'2024-08-03 18:56:50','2024-08-07 18:57:16','Arlechinii Bucuresti',2);
/*!40000 ALTER TABLE `teams` ENABLE KEYS */;
UNLOCK TABLES;

--
-- Table structure for table `user_team_roles`
--

DROP TABLE IF EXISTS `user_team_roles`;
/*!40101 SET @saved_cs_client     = @@character_set_client */;
/*!50503 SET character_set_client = utf8mb4 */;
CREATE TABLE `user_team_roles` (
  `id` bigint unsigned NOT NULL AUTO_INCREMENT,
  `created_at` timestamp NULL DEFAULT NULL,
  `updated_at` timestamp NULL DEFAULT NULL,
  `role` varchar(255) COLLATE utf8mb4_unicode_ci NOT NULL DEFAULT 'Pending',
  `user_id` bigint unsigned NOT NULL,
  `team_id` bigint unsigned NOT NULL,
  PRIMARY KEY (`id`),
  KEY `user_team_roles_user_id_foreign` (`user_id`),
  KEY `user_team_roles_team_id_foreign` (`team_id`),
  CONSTRAINT `user_team_roles_team_id_foreign` FOREIGN KEY (`team_id`) REFERENCES `teams` (`id`) ON DELETE CASCADE,
  CONSTRAINT `user_team_roles_user_id_foreign` FOREIGN KEY (`user_id`) REFERENCES `users` (`id`) ON DELETE CASCADE
) ENGINE=InnoDB AUTO_INCREMENT=13 DEFAULT CHARSET=utf8mb4 COLLATE=utf8mb4_unicode_ci;
/*!40101 SET character_set_client = @saved_cs_client */;

--
-- Dumping data for table `user_team_roles`
--

LOCK TABLES `user_team_roles` WRITE;
/*!40000 ALTER TABLE `user_team_roles` DISABLE KEYS */;
INSERT INTO `user_team_roles` VALUES (4,'2024-08-03 18:56:50','2024-08-03 18:56:50','Owner',2,2),(5,'2024-12-26 11:26:01','2024-12-26 19:38:19','Coach',3,2),(12,'2025-01-26 17:19:42','2025-02-03 21:12:11','Coach',4,2);
/*!40000 ALTER TABLE `user_team_roles` ENABLE KEYS */;
UNLOCK TABLES;

--
-- Table structure for table `users`
--

DROP TABLE IF EXISTS `users`;
/*!40101 SET @saved_cs_client     = @@character_set_client */;
/*!50503 SET character_set_client = utf8mb4 */;
CREATE TABLE `users` (
  `id` bigint unsigned NOT NULL AUTO_INCREMENT,
  `name` varchar(255) CHARACTER SET utf8mb4 COLLATE utf8mb4_unicode_ci NOT NULL,
  `email` varchar(255) CHARACTER SET utf8mb4 COLLATE utf8mb4_unicode_ci NOT NULL,
  `email_verified_at` timestamp NULL DEFAULT NULL,
  `password` varchar(255) CHARACTER SET utf8mb4 COLLATE utf8mb4_unicode_ci NOT NULL,
  `remember_token` varchar(100) CHARACTER SET utf8mb4 COLLATE utf8mb4_unicode_ci DEFAULT NULL,
  `created_at` timestamp NULL DEFAULT NULL,
  `updated_at` timestamp NULL DEFAULT NULL,
  `role_id` bigint unsigned NOT NULL DEFAULT '1',
  PRIMARY KEY (`id`),
  UNIQUE KEY `users_email_unique` (`email`),
  KEY `users_role_id_foreign` (`role_id`),
  CONSTRAINT `users_role_id_foreign` FOREIGN KEY (`role_id`) REFERENCES `roles` (`id`)
) ENGINE=InnoDB AUTO_INCREMENT=5 DEFAULT CHARSET=utf8mb4 COLLATE=utf8mb4_unicode_ci;
/*!40101 SET character_set_client = @saved_cs_client */;

--
-- Dumping data for table `users`
--

LOCK TABLES `users` WRITE;
/*!40000 ALTER TABLE `users` DISABLE KEYS */;
INSERT INTO `users` VALUES (1,'Super Admin','mateilazar.web@gmail.com',NULL,'$2y$10$9G58B69RPOrmkdi/LUbN8ej2zOAyvSs4r2LzeM1AQndfsep06iKt.',NULL,'2023-08-23 20:21:24','2024-09-12 18:12:54',1),(2,'Matei Lazar','zdubii2000@yahoo.com',NULL,'$2y$10$d0/OEteetYEeTOVh6S/pHOmq5Sz0Ns7Yo2V10SNYqaFuR8E6oK2X6',NULL,'2024-03-23 09:10:35','2024-09-16 16:45:42',2),(3,'Matei Lazar','zdubii2000@gmail.com',NULL,'$2y$10$da79PgD30gQns8eClEAWB.2wJA4zidDXJUREdXYClB2722HRFIL/C',NULL,'2024-06-03 16:14:39','2024-07-30 16:42:22',2),(4,'Matei Lazar','zdubii2001@gmail.com',NULL,'$2y$10$ZSQ.qKScB07NBbTH0C5IHugerMvZXU/sfU/hkEagLkb5m15k1etJ.',NULL,'2024-08-01 12:01:05','2025-01-26 17:27:32',2);
/*!40000 ALTER TABLE `users` ENABLE KEYS */;
UNLOCK TABLES;
/*!40103 SET TIME_ZONE=@OLD_TIME_ZONE */;

/*!40101 SET SQL_MODE=@OLD_SQL_MODE */;
/*!40014 SET FOREIGN_KEY_CHECKS=@OLD_FOREIGN_KEY_CHECKS */;
/*!40014 SET UNIQUE_CHECKS=@OLD_UNIQUE_CHECKS */;
/*!40101 SET CHARACTER_SET_CLIENT=@OLD_CHARACTER_SET_CLIENT */;
/*!40101 SET CHARACTER_SET_RESULTS=@OLD_CHARACTER_SET_RESULTS */;
/*!40101 SET COLLATION_CONNECTION=@OLD_COLLATION_CONNECTION */;
/*!40111 SET SQL_NOTES=@OLD_SQL_NOTES */;

-- Dump completed on 2025-03-18 12:44:25
